County_FIPS,Electronic,Paper
1000,0.0,1.0
1001,0.0,1.0
1003,0.0,1.0
1005,0.0,1.0
1007,0.0,1.0
1009,0.0,1.0
1011,0.0,1.0
1013,0.0,1.0
1015,0.0,1.0
1017,0.0,1.0
1019,0.0,1.0
1021,0.0,1.0
1023,0.0,1.0
1025,0.0,1.0
1027,0.0,1.0
1029,0.0,1.0
1031,0.0,1.0
1033,0.0,1.0
1035,0.0,1.0
1037,0.0,1.0
1039,0.0,1.0
1041,0.0,1.0
1043,0.0,1.0
1045,0.0,1.0
1047,0.0,1.0
1049,0.0,1.0
1051,0.0,1.0
1053,0.0,1.0
1055,0.0,1.0
1057,0.0,1.0
1059,0.0,1.0
1061,0.0,1.0
1063,0.0,1.0
1065,0.0,1.0
1067,0.0,1.0
1069,0.0,1.0
1071,0.0,1.0
1073,0.0,1.0
1075,0.0,1.0
1077,0.0,1.0
1079,0.0,1.0
1081,0.0,1.0
1083,0.0,1.0
1085,0.0,1.0
1087,0.0,1.0
1089,0.0,1.0
1091,0.0,1.0
1093,0.0,1.0
1095,0.0,1.0
1097,0.0,1.0
1099,0.0,1.0
1101,0.0,1.0
1103,0.0,1.0
1105,0.0,1.0
1107,0.0,1.0
1109,0.0,1.0
1111,0.0,1.0
1113,0.0,1.0
1115,0.0,1.0
1117,0.0,1.0
1119,0.0,1.0
1121,0.0,1.0
1123,0.0,1.0
1125,0.0,1.0
1127,0.0,1.0
1129,0.0,1.0
1131,0.0,1.0
1133,0.0,1.0
2000,0.333333333333,0.666666666667
4000,0.0,1.0
4001,0.0,1.0
4003,0.0,1.0
4005,0.333333333333,0.666666666667
4007,0.0,1.0
4009,0.0,1.0
4011,0.0,1.0
4012,0.5,0.5
4013,0.333333333333,0.666666666667
4015,0.0,1.0
4017,0.0,1.0
4019,0.5,0.5
4021,0.0,1.0
4023,0.0,1.0
4025,0.0,1.0
4027,0.5,0.5
5000,0.0,1.0
5001,0.0,1.0
5003,0.5,0.5
5005,0.5,0.5
5007,0.5,0.5
5009,0.0,1.0
5011,0.5,0.5
5013,0.5,0.5
5015,0.5,0.5
5017,0.0,1.0
5019,0.5,0.5
5021,0.333333333333,0.666666666667
5023,0.333333333333,0.666666666667
5025,0.0,1.0
5027,0.0,1.0
5029,0.333333333333,0.666666666667
5031,0.0,1.0
5033,0.5,0.5
5035,0.5,0.5
5037,0.5,0.5
5039,0.5,0.5
5041,0.333333333333,0.666666666667
5043,0.5,0.5
5045,0.5,0.5
5047,0.5,0.5
5049,0.5,0.5
5051,0.0,1.0
5053,0.5,0.5
5055,0.5,0.5
5057,0.333333333333,0.666666666667
5059,0.5,0.5
5061,0.5,0.5
5063,0.333333333333,0.666666666667
5065,0.5,0.5
5067,0.0,1.0
5069,0.333333333333,0.666666666667
5071,0.5,0.5
5073,0.5,0.5
5075,0.5,0.5
5077,0.5,0.5
5079,0.5,0.5
5081,0.5,0.5
5083,0.5,0.5
5085,0.5,0.5
5087,0.5,0.5
5089,0.5,0.5
5091,0.5,0.5
5093,0.5,0.5
5095,0.5,0.5
5097,0.5,0.5
5099,0.5,0.5
5101,0.5,0.5
5103,0.5,0.5
5105,0.5,0.5
5107,0.5,0.5
5109,0.333333333333,0.666666666667
5111,0.5,0.5
5113,0.5,0.5
5115,0.333333333333,0.666666666667
5117,0.5,0.5
5119,0.333333333333,0.666666666667
5121,0.0,1.0
5123,0.5,0.5
5125,0.5,0.5
5127,0.5,0.5
5129,0.333333333333,0.666666666667
5131,0.0,1.0
5133,0.5,0.5
5135,0.333333333333,0.666666666667
5137,0.5,0.5
5139,0.5,0.5
5141,0.5,0.5
5143,0.0,1.0
5145,0.5,0.5
5147,0.5,0.5
5149,0.0,1.0
6000,0.0,1.0
6001,0.333333333333,0.666666666667
6003,0.5,0.5
6005,0.0,1.0
6007,0.333333333333,0.666666666667
6009,0.0,1.0
6011,0.0,1.0
6013,0.0,1.0
6015,0.0,1.0
6017,0.5,0.5
6019,0.5,0.5
6021,0.0,1.0
6023,0.333333333333,0.666666666667
6025,0.0,1.0
6027,0.5,0.5
6029,0.0,1.0
6031,0.5,0.5
6033,0.5,0.5
6035,0.5,0.5
6037,0.0,1.0
6039,0.5,0.5
6041,0.0,1.0
6043,0.5,0.5
6045,0.5,0.5
6047,0.0,1.0
6049,0.5,0.5
6051,0.5,0.5
6053,0.5,0.5
6055,0.0,1.0
6057,0.333333333333,0.666666666667
6059,0.5,0.5
6061,0.333333333333,0.666666666667
6063,0.5,0.5
6065,0.5,0.5
6067,0.0,1.0
6069,0.5,0.5
6071,0.5,0.5
6073,0.333333333333,0.666666666667
6075,0.333333333333,0.666666666667
6077,0.333333333333,0.666666666667
6079,0.0,1.0
6081,0.5,0.5
6083,0.0,1.0
6085,0.5,0.5
6087,0.5,0.5
6089,0.5,0.5
6091,0.5,0.5
6093,0.0,1.0
6095,0.0,1.0
6097,0.5,0.5
6099,0.0,1.0
6101,0.5,0.5
6103,0.0,1.0
6105,0.5,0.5
6107,0.333333333333,0.666666666667
6109,0.0,1.0
6111,0.333333333333,0.666666666667
6113,0.5,0.5
6115,0.5,0.5
8000,0.0,1.0
8001,0.0,1.0
8003,0.5,0.5
8005,0.0,1.0
8007,0.5,0.5
8009,0.0,1.0
8011,0.5,0.5
8013,0.5,0.5
8014,0.0,1.0
8015,0.0,1.0
8017,0.5,0.5
8019,0.0,1.0
8021,0.5,0.5
8023,0.5,0.5
8025,0.5,0.5
8027,0.5,0.5
8029,0.5,0.5
8031,0.0,1.0
8033,0.5,0.5
8035,0.5,0.5
8037,0.0,1.0
8039,0.5,0.5
8041,0.5,0.5
8043,0.5,0.5
8045,0.5,0.5
8047,0.0,1.0
8049,0.5,0.5
8051,0.0,1.0
8053,0.5,0.5
8055,0.5,0.5
8057,0.5,0.5
8059,0.0,1.0
8061,0.5,0.5
8063,0.5,0.5
8065,0.0,1.0
8067,0.5,0.5
8069,0.5,0.5
8071,0.5,0.5
8073,0.5,0.5
8075,0.0,1.0
8077,0.0,1.0
8079,0.5,0.5
8081,0.5,0.5
8083,0.5,0.5
8085,0.5,0.5
8087,0.5,0.5
8089,0.5,0.5
8091,0.5,0.5
8093,0.0,1.0
8095,0.5,0.5
8097,0.0,1.0
8099,0.5,0.5
8101,0.0,1.0
8103,0.5,0.5
8105,0.5,0.5
8107,0.5,0.5
8109,0.5,0.5
8111,0.5,0.5
8113,0.5,0.5
8115,0.0,1.0
8117,0.5,0.5
8119,0.0,1.0
8121,0.0,1.0
8123,0.5,0.5
8125,0.5,0.5
9000,0.0,1.0
9001,0.0,1.0
9003,0.0,1.0
9005,0.0,1.0
9007,0.0,1.0
9009,0.0,1.0
9011,0.0,1.0
9013,0.0,1.0
9015,0.0,1.0
10000,0.0,1.0
10001,0.5,0.5
10003,0.5,0.5
10005,0.5,0.5
11001,0.0,1.0
12000,0.0,1.0
12001,0.0,1.0
12003,0.0,1.0
12005,0.0,1.0
12007,0.0,1.0
12009,0.0,1.0
12011,0.333333333333,0.666666666667
12013,0.5,0.5
12015,0.333333333333,0.666666666667
12017,0.333333333333,0.666666666667
12019,0.0,1.0
12021,0.333333333333,0.666666666667
12023,0.5,0.5
12027,0.5,0.5
12029,0.5,0.5
12031,0.0,1.0
12033,0.0,1.0
12035,0.333333333333,0.666666666667
12037,0.0,1.0
12039,0.0,1.0
12041,0.5,0.5
12043,0.5,0.5
12045,0.0,1.0
12047,0.0,1.0
12049,0.0,1.0
12051,0.0,1.0
12053,0.0,1.0
12055,0.0,1.0
12057,0.0,1.0
12059,0.0,1.0
12061,0.333333333333,0.666666666667
12063,0.0,1.0
12065,0.5,0.5
12067,0.0,1.0
12069,0.333333333333,0.666666666667
12071,0.0,1.0
12073,0.0,1.0
12075,0.0,1.0
12077,0.0,1.0
12079,0.0,1.0
12081,0.0,1.0
12083,0.0,1.0
12085,0.333333333333,0.666666666667
12086,0.333333333333,0.666666666667
12087,0.0,1.0
12089,0.0,1.0
12091,0.0,1.0
12093,0.5,0.5
12095,0.0,1.0
12097,0.0,1.0
12099,0.333333333333,0.666666666667
12101,0.0,1.0
12103,0.0,1.0
12105,0.5,0.5
12107,0.0,1.0
12109,0.0,1.0
12111,0.0,1.0
12113,0.0,1.0
12115,0.0,1.0
12117,0.5,0.5
12119,0.333333333333,0.666666666667
12121,0.0,1.0
12123,0.5,0.5
12125,0.0,1.0
12127,0.0,1.0
12129,0.5,0.5
12131,0.5,0.5
12133,0.0,1.0
13000,0.0,1.0
13001,0.5,0.5
13003,0.5,0.5
13005,0.5,0.5
13007,0.5,0.5
13009,0.5,0.5
13011,0.5,0.5
13013,0.5,0.5
13015,0.5,0.5
13017,0.5,0.5
13019,0.5,0.5
13021,0.5,0.5
13023,0.5,0.5
13025,0.5,0.5
13027,0.5,0.5
13029,0.5,0.5
13031,0.5,0.5
13033,0.5,0.5
13035,0.5,0.5
13037,0.5,0.5
13039,0.5,0.5
13043,0.5,0.5
13045,0.5,0.5
13047,0.5,0.5
13049,0.5,0.5
13051,0.5,0.5
13053,0.5,0.5
13055,0.5,0.5
13057,0.5,0.5
13059,0.5,0.5
13061,0.5,0.5
13063,0.5,0.5
13065,0.5,0.5
13067,0.5,0.5
13069,0.5,0.5
13071,0.5,0.5
13073,0.5,0.5
13075,0.5,0.5
13077,0.5,0.5
13079,0.5,0.5
13081,0.5,0.5
13083,0.5,0.5
13085,0.5,0.5
13087,0.5,0.5
13089,0.5,0.5
13091,0.5,0.5
13093,0.5,0.5
13095,0.5,0.5
13097,0.5,0.5
13099,0.5,0.5
13101,0.5,0.5
13103,0.5,0.5
13105,0.5,0.5
13107,0.5,0.5
13109,0.5,0.5
13111,0.5,0.5
13113,0.5,0.5
13115,0.5,0.5
13117,0.5,0.5
13119,0.5,0.5
13121,0.5,0.5
13123,0.5,0.5
13125,0.5,0.5
13127,0.5,0.5
13129,0.5,0.5
13131,0.5,0.5
13133,0.5,0.5
13135,0.5,0.5
13137,0.5,0.5
13139,0.5,0.5
13141,0.5,0.5
13143,0.5,0.5
13145,0.5,0.5
13147,0.5,0.5
13149,0.5,0.5
13151,0.5,0.5
13153,0.5,0.5
13155,0.5,0.5
13157,0.5,0.5
13159,0.5,0.5
13161,0.5,0.5
13163,0.5,0.5
13165,0.5,0.5
13167,0.5,0.5
13169,0.5,0.5
13171,0.5,0.5
13173,0.5,0.5
13175,0.5,0.5
13177,0.5,0.5
13179,0.5,0.5
13181,0.5,0.5
13183,0.5,0.5
13185,0.5,0.5
13187,0.5,0.5
13189,0.5,0.5
13191,0.5,0.5
13193,0.5,0.5
13195,0.5,0.5
13197,0.5,0.5
13199,0.5,0.5
13201,0.5,0.5
13205,0.5,0.5
13207,0.5,0.5
13209,0.5,0.5
13211,0.5,0.5
13213,0.5,0.5
13215,0.5,0.5
13217,0.5,0.5
13219,0.5,0.5
13221,0.5,0.5
13223,0.5,0.5
13225,0.5,0.5
13227,0.5,0.5
13229,0.5,0.5
13231,0.5,0.5
13233,0.5,0.5
13235,0.5,0.5
13237,0.5,0.5
13239,0.5,0.5
13241,0.5,0.5
13243,0.5,0.5
13245,0.5,0.5
13247,0.5,0.5
13249,0.5,0.5
13251,0.5,0.5
13253,0.5,0.5
13255,0.5,0.5
13257,0.5,0.5
13259,0.5,0.5
13261,0.5,0.5
13263,0.5,0.5
13265,0.5,0.5
13267,0.5,0.5
13269,0.5,0.5
13271,0.5,0.5
13273,0.5,0.5
13275,0.5,0.5
13277,0.5,0.5
13279,0.5,0.5
13281,0.5,0.5
13283,0.5,0.5
13285,0.5,0.5
13287,0.5,0.5
13289,0.5,0.5
13291,0.5,0.5
13293,0.5,0.5
13295,0.5,0.5
13297,0.5,0.5
13299,0.5,0.5
13301,0.5,0.5
13303,0.5,0.5
13305,0.5,0.5
13307,0.5,0.5
13309,0.5,0.5
13311,0.5,0.5
13313,0.5,0.5
13315,0.5,0.5
13317,0.5,0.5
13319,0.5,0.5
13321,0.5,0.5
15000,0.0,1.0
15001,0.5,0.5
15003,0.5,0.5
15007,0.5,0.5
15009,0.5,0.5
16000,0.0,1.0
16001,0.0,1.0
16003,0.0,1.0
16005,0.0,1.0
16007,0.0,1.0
16009,0.0,1.0
16011,0.0,1.0
16013,0.0,1.0
16015,0.0,1.0
16017,0.0,1.0
16019,0.5,0.5
16021,0.0,1.0
16023,0.0,1.0
16025,0.0,1.0
16027,0.0,1.0
16029,0.0,1.0
16031,0.0,1.0
16033,0.0,1.0
16035,0.0,1.0
16037,0.0,1.0
16039,0.0,1.0
16041,0.5,0.5
16043,0.0,1.0
16045,0.0,1.0
16047,0.0,1.0
16049,0.0,1.0
16051,0.0,1.0
16053,0.0,1.0
16055,0.0,1.0
16057,0.0,1.0
16059,0.0,1.0
16061,0.0,1.0
16063,0.0,1.0
16065,0.0,1.0
16067,0.0,1.0
16069,0.0,1.0
16071,0.0,1.0
16073,0.0,1.0
16075,0.0,1.0
16077,0.0,1.0
16079,0.0,1.0
16081,0.0,1.0
16083,0.0,1.0
16085,0.0,1.0
16087,0.0,1.0
17000,0.0,1.0
17001,0.0,1.0
17003,0.0,1.0
17005,0.5,0.5
17007,0.5,0.5
17009,0.0,1.0
17011,0.0,1.0
17013,0.0,1.0
17015,0.5,0.5
17017,0.5,0.5
17019,0.0,1.0
17021,0.5,0.5
17023,0.5,0.5
17025,0.0,1.0
17027,0.5,0.5
17029,0.5,0.5
17030,0.5,0.5
17031,0.333333333333,0.666666666667
17033,0.5,0.5
17035,0.5,0.5
17037,0.0,1.0
17039,0.5,0.5
17041,0.5,0.5
17043,0.5,0.5
17045,0.5,0.5
17047,0.0,1.0
17049,0.0,1.0
17051,0.5,0.5
17053,0.5,0.5
17055,0.0,1.0
17057,0.5,0.5
17059,0.0,1.0
17061,0.5,0.5
17063,0.5,0.5
17065,0.0,1.0
17066,0.0,1.0
17067,0.0,1.0
17069,0.5,0.5
17071,0.0,1.0
17073,0.0,1.0
17075,0.5,0.5
17077,0.5,0.5
17079,0.5,0.5
17081,0.0,1.0
17083,0.0,1.0
17085,0.0,1.0
17087,0.5,0.5
17089,1.0,0.0
17091,0.5,0.5
17093,0.0,1.0
17095,0.5,0.5
17097,0.0,1.0
17099,0.0,1.0
17101,0.0,1.0
17103,0.5,0.5
17105,0.5,0.5
17107,0.0,1.0
17109,0.5,0.5
17111,0.5,0.5
17113,0.5,0.5
17115,0.5,0.5
17117,0.5,0.5
17119,0.0,1.0
17121,0.5,0.5
17123,0.0,1.0
17125,0.5,0.5
17127,0.0,1.0
17129,0.0,1.0
17131,0.0,1.0
17133,0.5,0.5
17135,0.0,1.0
17137,0.5,0.5
17139,0.0,1.0
17140,0.333333333333,0.666666666667
17141,0.0,1.0
17143,0.5,0.5
17145,0.5,0.5
17147,0.5,0.5
17149,0.5,0.5
17151,0.5,0.5
17153,0.5,0.5
17155,0.5,0.5
17157,0.5,0.5
17159,0.5,0.5
17161,0.5,0.5
17163,0.5,0.5
17165,0.0,1.0
17167,0.0,1.0
17169,0.5,0.5
17171,0.5,0.5
17173,0.5,0.5
17175,0.0,1.0
17177,0.0,1.0
17179,0.5,0.5
17181,0.5,0.5
17183,0.0,1.0
17185,0.0,1.0
17187,0.5,0.5
17189,0.5,0.5
17191,0.5,0.5
17193,0.5,0.5
17195,0.5,0.5
17197,0.0,1.0
17199,0.0,1.0
17201,0.5,0.5
17203,0.0,1.0
17222,0.0,1.0
17283,0.0,1.0
17650,0.0,1.0
18000,0.0,1.0
18001,0.5,0.5
18003,0.5,0.5
18005,0.5,0.5
18007,0.5,0.5
18009,0.5,0.5
18011,0.5,0.5
18013,0.5,0.5
18015,0.5,0.5
18017,0.5,0.5
18019,0.333333333333,0.666666666667
18021,0.5,0.5
18023,0.5,0.5
18025,0.5,0.5
18027,0.5,0.5
18029,0.0,1.0
18031,0.5,0.5
18033,0.5,0.5
18035,0.5,0.5
18037,0.5,0.5
18039,0.5,0.5
18041,0.5,0.5
18043,0.0,1.0
18045,0.333333333333,0.666666666667
18047,0.5,0.5
18049,0.5,0.5
18051,0.5,0.5
18053,0.5,0.5
18055,0.5,0.5
18057,0.5,0.5
18059,0.0,1.0
18061,0.5,0.5
18063,0.5,0.5
18065,0.5,0.5
18067,0.0,1.0
18069,0.5,0.5
18071,0.0,1.0
18073,0.5,0.5
18075,0.5,0.5
18077,0.5,0.5
18079,0.5,0.5
18081,0.5,0.5
18083,0.5,0.5
18085,0.5,0.5
18087,0.5,0.5
18089,0.5,0.5
18091,0.5,0.5
18093,0.5,0.5
18095,0.5,0.5
18097,0.0,1.0
18099,0.5,0.5
18101,0.333333333333,0.666666666667
18103,0.5,0.5
18105,0.5,0.5
18107,0.5,0.5
18109,0.5,0.5
18111,0.333333333333,0.666666666667
18113,0.5,0.5
18115,0.5,0.5
18117,0.5,0.5
18119,0.5,0.5
18121,0.5,0.5
18123,0.5,0.5
18125,0.5,0.5
18127,0.0,1.0
18129,0.5,0.5
18131,0.5,0.5
18133,0.5,0.5
18135,0.5,0.5
18137,0.5,0.5
18139,0.5,0.5
18141,0.0,1.0
18143,0.5,0.5
18145,0.5,0.5
18147,0.5,0.5
18149,0.5,0.5
18151,0.5,0.5
18153,0.5,0.5
18155,0.5,0.5
18157,0.5,0.5
18159,0.5,0.5
18161,0.5,0.5
18163,0.5,0.5
18165,0.5,0.5
18167,0.0,1.0
18169,0.5,0.5
18171,0.5,0.5
18173,0.5,0.5
18175,0.5,0.5
18177,0.5,0.5
18179,0.5,0.5
18181,0.5,0.5
18183,0.5,0.5
19000,0.0,1.0
19001,0.0,1.0
19003,0.0,1.0
19005,0.0,1.0
19007,0.0,1.0
19009,0.0,1.0
19011,0.0,1.0
19013,0.0,1.0
19015,0.0,1.0
19017,0.0,1.0
19019,0.0,1.0
19021,0.0,1.0
19023,0.0,1.0
19025,0.0,1.0
19027,0.0,1.0
19029,0.0,1.0
19031,0.0,1.0
19033,0.0,1.0
19035,0.0,1.0
19037,0.0,1.0
19039,0.0,1.0
19041,0.0,1.0
19043,0.0,1.0
19045,0.0,1.0
19047,0.0,1.0
19049,0.0,1.0
19051,0.0,1.0
19053,0.0,1.0
19055,0.0,1.0
19057,0.0,1.0
19059,0.0,1.0
19061,0.0,1.0
19063,0.0,1.0
19065,0.0,1.0
19067,0.0,1.0
19069,0.0,1.0
19071,0.0,1.0
19073,0.0,1.0
19075,0.0,1.0
19077,0.0,1.0
19079,0.0,1.0
19081,0.0,1.0
19083,0.0,1.0
19085,0.0,1.0
19087,0.0,1.0
19089,0.0,1.0
19091,0.0,1.0
19093,0.0,1.0
19095,0.0,1.0
19097,0.0,1.0
19099,0.0,1.0
19101,0.0,1.0
19103,0.0,1.0
19105,0.0,1.0
19107,0.0,1.0
19109,0.0,1.0
19111,0.0,1.0
19113,0.0,1.0
19115,0.0,1.0
19117,0.0,1.0
19119,0.0,1.0
19121,0.0,1.0
19123,0.0,1.0
19125,0.0,1.0
19127,0.0,1.0
19129,0.0,1.0
19131,0.0,1.0
19133,0.0,1.0
19135,0.0,1.0
19137,0.0,1.0
19139,0.0,1.0
19141,0.0,1.0
19143,0.0,1.0
19145,0.0,1.0
19147,0.0,1.0
19149,0.0,1.0
19151,0.0,1.0
19153,0.0,1.0
19155,0.0,1.0
19157,0.0,1.0
19159,0.0,1.0
19161,0.0,1.0
19163,0.0,1.0
19165,0.0,1.0
19167,0.0,1.0
19169,0.0,1.0
19171,0.0,1.0
19173,0.0,1.0
19175,0.0,1.0
19177,0.0,1.0
19179,0.0,1.0
19181,0.0,1.0
19183,0.0,1.0
19185,0.0,1.0
19187,0.0,1.0
19189,0.0,1.0
19191,0.0,1.0
19193,0.0,1.0
19195,0.0,1.0
19197,0.0,1.0
20000,0.0,1.0
20001,0.0,1.0
20003,0.5,0.5
20005,0.0,1.0
20007,0.5,0.5
20009,0.5,0.5
20011,0.0,1.0
20013,0.0,1.0
20015,0.5,0.5
20017,0.0,1.0
20019,0.0,1.0
20021,0.0,1.0
20023,0.0,1.0
20025,0.5,0.5
20027,0.0,1.0
20029,0.0,1.0
20031,0.5,0.5
20033,0.5,0.5
20035,0.5,0.5
20037,0.0,1.0
20039,0.0,1.0
20041,0.0,1.0
20043,0.0,1.0
20045,0.0,1.0
20047,0.0,1.0
20049,0.0,1.0
20051,0.5,0.5
20053,0.0,1.0
20055,0.0,1.0
20057,0.5,0.5
20059,0.0,1.0
20061,0.5,0.5
20063,0.0,1.0
20065,0.0,1.0
20067,0.5,0.5
20069,0.0,1.0
20071,0.5,0.5
20073,0.0,1.0
20075,0.5,0.5
20077,0.5,0.5
20079,0.5,0.5
20081,0.0,1.0
20083,0.5,0.5
20085,0.0,1.0
20087,0.0,1.0
20089,0.5,0.5
20091,0.5,0.5
20093,0.5,0.5
20095,0.5,0.5
20097,0.0,1.0
20099,0.0,1.0
20101,0.0,1.0
20103,0.0,1.0
20105,0.5,0.5
20107,0.0,1.0
20109,0.0,1.0
20111,0.5,0.5
20113,0.0,1.0
20115,0.0,1.0
20117,0.0,1.0
20119,0.5,0.5
20121,0.5,0.5
20123,0.5,0.5
20125,0.0,1.0
20127,0.5,0.5
20129,0.0,1.0
20131,0.0,1.0
20133,0.0,1.0
20135,0.0,1.0
20137,0.0,1.0
20139,0.0,1.0
20141,0.0,1.0
20143,0.0,1.0
20145,0.0,1.0
20147,0.0,1.0
20149,0.0,1.0
20151,0.5,0.5
20153,0.0,1.0
20155,0.5,0.5
20157,0.0,1.0
20159,0.5,0.5
20161,0.5,0.5
20163,0.5,0.5
20165,0.0,1.0
20167,0.0,1.0
20169,0.0,1.0
20171,0.0,1.0
20173,0.0,1.0
20175,0.5,0.5
20177,0.0,1.0
20179,0.0,1.0
20181,0.0,1.0
20183,0.0,1.0
20185,0.0,1.0
20187,0.5,0.5
20189,0.0,1.0
20191,0.5,0.5
20193,0.0,1.0
20195,0.0,1.0
20197,0.5,0.5
20199,0.5,0.5
20201,0.0,1.0
20203,0.0,1.0
20205,0.5,0.5
20207,0.0,1.0
20209,0.5,0.5
21000,0.0,1.0
21001,0.333333333333,0.666666666667
21003,0.333333333333,0.666666666667
21005,0.333333333333,0.666666666667
21007,0.333333333333,0.666666666667
21009,0.333333333333,0.666666666667
21011,0.333333333333,0.666666666667
21013,0.333333333333,0.666666666667
21015,0.333333333333,0.666666666667
21017,0.333333333333,0.666666666667
21019,0.333333333333,0.666666666667
21021,0.333333333333,0.666666666667
21023,0.333333333333,0.666666666667
21025,0.333333333333,0.666666666667
21027,0.333333333333,0.666666666667
21029,0.333333333333,0.666666666667
21031,0.333333333333,0.666666666667
21033,0.333333333333,0.666666666667
21035,0.333333333333,0.666666666667
21037,0.333333333333,0.666666666667
21039,0.333333333333,0.666666666667
21041,0.333333333333,0.666666666667
21043,0.333333333333,0.666666666667
21045,0.333333333333,0.666666666667
21047,0.333333333333,0.666666666667
21049,0.333333333333,0.666666666667
21051,0.333333333333,0.666666666667
21053,0.333333333333,0.666666666667
21055,0.333333333333,0.666666666667
21057,0.333333333333,0.666666666667
21059,0.333333333333,0.666666666667
21061,0.333333333333,0.666666666667
21063,0.333333333333,0.666666666667
21065,0.333333333333,0.666666666667
21067,0.333333333333,0.666666666667
21069,0.333333333333,0.666666666667
21071,0.333333333333,0.666666666667
21073,0.333333333333,0.666666666667
21075,0.333333333333,0.666666666667
21077,0.333333333333,0.666666666667
21079,0.333333333333,0.666666666667
21081,0.333333333333,0.666666666667
21083,0.333333333333,0.666666666667
21085,0.333333333333,0.666666666667
21087,0.333333333333,0.666666666667
21089,0.333333333333,0.666666666667
21091,0.333333333333,0.666666666667
21093,0.333333333333,0.666666666667
21095,0.333333333333,0.666666666667
21097,0.333333333333,0.666666666667
21099,0.333333333333,0.666666666667
21101,0.333333333333,0.666666666667
21103,0.333333333333,0.666666666667
21105,0.333333333333,0.666666666667
21107,0.333333333333,0.666666666667
21109,0.333333333333,0.666666666667
21111,0.333333333333,0.666666666667
21113,0.333333333333,0.666666666667
21115,0.333333333333,0.666666666667
21117,0.333333333333,0.666666666667
21119,0.333333333333,0.666666666667
21121,0.5,0.5
21123,0.333333333333,0.666666666667
21125,0.333333333333,0.666666666667
21127,0.333333333333,0.666666666667
21129,0.333333333333,0.666666666667
21131,0.333333333333,0.666666666667
21133,0.333333333333,0.666666666667
21135,0.5,0.5
21137,0.333333333333,0.666666666667
21139,0.333333333333,0.666666666667
21141,0.333333333333,0.666666666667
21143,0.333333333333,0.666666666667
21145,0.333333333333,0.666666666667
21147,0.333333333333,0.666666666667
21149,0.333333333333,0.666666666667
21151,0.333333333333,0.666666666667
21153,0.333333333333,0.666666666667
21155,0.333333333333,0.666666666667
21157,0.333333333333,0.666666666667
21159,0.333333333333,0.666666666667
21161,0.333333333333,0.666666666667
21163,0.333333333333,0.666666666667
21165,0.333333333333,0.666666666667
21167,0.333333333333,0.666666666667
21169,0.333333333333,0.666666666667
21171,0.333333333333,0.666666666667
21173,0.333333333333,0.666666666667
21175,0.333333333333,0.666666666667
21177,0.333333333333,0.666666666667
21179,0.333333333333,0.666666666667
21181,0.333333333333,0.666666666667
21183,0.333333333333,0.666666666667
21185,0.333333333333,0.666666666667
21187,0.333333333333,0.666666666667
21189,0.333333333333,0.666666666667
21191,0.333333333333,0.666666666667
21193,0.333333333333,0.666666666667
21195,0.333333333333,0.666666666667
21197,0.333333333333,0.666666666667
21199,0.333333333333,0.666666666667
21201,0.333333333333,0.666666666667
21203,0.333333333333,0.666666666667
21205,0.333333333333,0.666666666667
21207,0.5,0.5
21209,0.333333333333,0.666666666667
21211,0.333333333333,0.666666666667
21213,0.333333333333,0.666666666667
21215,0.333333333333,0.666666666667
21217,0.333333333333,0.666666666667
21219,0.333333333333,0.666666666667
21221,0.333333333333,0.666666666667
21223,0.333333333333,0.666666666667
21225,0.333333333333,0.666666666667
21227,0.333333333333,0.666666666667
21229,0.333333333333,0.666666666667
21231,0.333333333333,0.666666666667
21233,0.333333333333,0.666666666667
21235,0.333333333333,0.666666666667
21237,0.333333333333,0.666666666667
21239,0.333333333333,0.666666666667
22000,0.0,1.0
22001,0.666666666667,0.333333333333
22003,0.666666666667,0.333333333333
22005,0.666666666667,0.333333333333
22007,0.666666666667,0.333333333333
22009,0.666666666667,0.333333333333
22011,0.666666666667,0.333333333333
22013,0.666666666667,0.333333333333
22015,0.666666666667,0.333333333333
22017,0.666666666667,0.333333333333
22019,0.666666666667,0.333333333333
22021,0.666666666667,0.333333333333
22023,0.666666666667,0.333333333333
22025,0.666666666667,0.333333333333
22027,0.666666666667,0.333333333333
22029,0.666666666667,0.333333333333
22031,0.666666666667,0.333333333333
22033,0.666666666667,0.333333333333
22035,0.666666666667,0.333333333333
22037,0.666666666667,0.333333333333
22039,0.666666666667,0.333333333333
22041,0.666666666667,0.333333333333
22043,0.666666666667,0.333333333333
22045,0.666666666667,0.333333333333
22047,0.666666666667,0.333333333333
22049,0.666666666667,0.333333333333
22051,0.666666666667,0.333333333333
22053,0.666666666667,0.333333333333
22055,0.666666666667,0.333333333333
22057,0.666666666667,0.333333333333
22059,0.666666666667,0.333333333333
22061,0.666666666667,0.333333333333
22063,0.666666666667,0.333333333333
22065,0.666666666667,0.333333333333
22067,0.666666666667,0.333333333333
22069,0.666666666667,0.333333333333
22071,0.666666666667,0.333333333333
22073,0.666666666667,0.333333333333
22075,0.666666666667,0.333333333333
22077,0.666666666667,0.333333333333
22079,0.666666666667,0.333333333333
22081,0.666666666667,0.333333333333
22083,0.666666666667,0.333333333333
22085,0.666666666667,0.333333333333
22087,0.666666666667,0.333333333333
22089,0.666666666667,0.333333333333
22091,0.666666666667,0.333333333333
22093,0.666666666667,0.333333333333
22095,0.666666666667,0.333333333333
22097,0.666666666667,0.333333333333
22099,0.666666666667,0.333333333333
22101,0.666666666667,0.333333333333
22103,0.666666666667,0.333333333333
22105,0.666666666667,0.333333333333
22107,0.666666666667,0.333333333333
22109,0.666666666667,0.333333333333
22111,0.666666666667,0.333333333333
22113,0.666666666667,0.333333333333
22115,0.666666666667,0.333333333333
22117,0.666666666667,0.333333333333
22119,0.666666666667,0.333333333333
22121,0.666666666667,0.333333333333
22123,0.666666666667,0.333333333333
22125,0.666666666667,0.333333333333
22127,0.666666666667,0.333333333333
23000,0.0,1.0
23001,0.0,1.0
23003,0.0,1.0
23005,0.0,1.0
23007,0.0,1.0
23009,0.0,1.0
23011,0.0,1.0
23013,0.0,1.0
23015,0.0,1.0
23017,0.0,1.0
23019,0.0,1.0
23021,0.0,1.0
23023,0.0,1.0
23025,0.0,1.0
23027,0.0,1.0
23029,0.0,1.0
23031,0.0,1.0
23099,0.0,1.0
24000,0.0,1.0
24001,0.0,1.0
24003,0.0,1.0
24005,0.0,1.0
24009,0.0,1.0
24011,0.0,1.0
24013,0.0,1.0
24015,0.0,1.0
24017,0.0,1.0
24019,0.0,1.0
24021,0.0,1.0
24023,0.0,1.0
24025,0.0,1.0
24027,0.0,1.0
24029,0.0,1.0
24031,0.0,1.0
24033,0.0,1.0
24035,0.0,1.0
24037,0.0,1.0
24039,0.0,1.0
24041,0.0,1.0
24043,0.0,1.0
24045,0.0,1.0
24047,0.0,1.0
24510,0.0,1.0
25000,0.0,1.0
25001,0.0,1.0
25003,0.0,1.0
25005,0.0,1.0
25007,0.0,1.0
25009,0.0,1.0
25011,0.0,1.0
25013,0.0,1.0
25015,0.0,1.0
25017,0.0,1.0
25019,0.0,1.0
25021,0.0,1.0
25023,0.0,1.0
25025,0.0,1.0
25027,0.0,1.0
26000,0.0,1.0
26001,0.0,1.0
26003,0.0,1.0
26005,0.0,1.0
26007,0.0,1.0
26009,0.0,1.0
26011,0.0,1.0
26013,0.0,1.0
26015,0.0,1.0
26017,0.0,1.0
26019,0.0,1.0
26021,0.0,1.0
26023,0.0,1.0
26025,0.0,1.0
26027,0.0,1.0
26029,0.0,1.0
26031,0.0,1.0
26033,0.0,1.0
26035,0.0,1.0
26037,0.0,1.0
26039,0.0,1.0
26041,0.0,1.0
26043,0.0,1.0
26045,0.0,1.0
26047,0.0,1.0
26049,0.0,1.0
26051,0.0,1.0
26053,0.0,1.0
26055,0.0,1.0
26057,0.0,1.0
26059,0.0,1.0
26061,0.0,1.0
26063,0.0,1.0
26065,0.0,1.0
26067,0.0,1.0
26069,0.0,1.0
26071,0.0,1.0
26073,0.0,1.0
26075,0.0,1.0
26077,0.0,1.0
26079,0.0,1.0
26081,0.0,1.0
26083,0.0,1.0
26085,0.0,1.0
26087,0.0,1.0
26089,0.0,1.0
26091,0.0,1.0
26093,0.0,1.0
26095,0.0,1.0
26097,0.0,1.0
26099,0.0,1.0
26101,0.0,1.0
26103,0.0,1.0
26105,0.0,1.0
26107,0.0,1.0
26109,0.0,1.0
26111,0.0,1.0
26113,0.0,1.0
26115,0.0,1.0
26117,0.0,1.0
26119,0.0,1.0
26121,0.0,1.0
26123,0.0,1.0
26125,0.0,1.0
26127,0.0,1.0
26129,0.0,1.0
26131,0.0,1.0
26133,0.0,1.0
26135,0.0,1.0
26137,0.0,1.0
26139,0.0,1.0
26141,0.0,1.0
26143,0.0,1.0
26145,0.0,1.0
26147,0.0,1.0
26149,0.0,1.0
26151,0.0,1.0
26153,0.0,1.0
26155,0.0,1.0
26157,0.0,1.0
26159,0.0,1.0
26161,0.0,1.0
26163,0.0,1.0
26165,0.0,1.0
27000,0.0,1.0
27001,0.0,1.0
27003,0.0,1.0
27005,0.0,1.0
27007,0.0,1.0
27009,0.0,1.0
27011,0.0,1.0
27013,0.0,1.0
27015,0.0,1.0
27017,0.0,1.0
27019,0.0,1.0
27021,0.0,1.0
27023,0.0,1.0
27025,0.0,1.0
27027,0.0,1.0
27029,0.0,1.0
27031,0.0,1.0
27033,0.0,1.0
27035,0.0,1.0
27037,0.0,1.0
27039,0.0,1.0
27041,0.0,1.0
27043,0.0,1.0
27045,0.0,1.0
27047,0.0,1.0
27049,0.0,1.0
27051,0.0,1.0
27053,0.0,1.0
27055,0.0,1.0
27057,0.0,1.0
27059,0.0,1.0
27061,0.0,1.0
27063,0.0,1.0
27065,0.0,1.0
27067,0.0,1.0
27069,0.0,1.0
27071,0.0,1.0
27073,0.0,1.0
27075,0.0,1.0
27077,0.0,1.0
27079,0.0,1.0
27081,0.0,1.0
27083,0.0,1.0
27085,0.0,1.0
27087,0.0,1.0
27089,0.0,1.0
27091,0.0,1.0
27093,0.0,1.0
27095,0.0,1.0
27097,0.0,1.0
27099,0.0,1.0
27101,0.0,1.0
27103,0.0,1.0
27105,0.0,1.0
27107,0.0,1.0
27109,0.0,1.0
27111,0.0,1.0
27113,0.0,1.0
27115,0.0,1.0
27117,0.0,1.0
27119,0.0,1.0
27121,0.0,1.0
27123,0.0,1.0
27125,0.0,1.0
27127,0.0,1.0
27129,0.0,1.0
27131,0.0,1.0
27133,0.0,1.0
27135,0.0,1.0
27137,0.0,1.0
27139,0.0,1.0
27141,0.0,1.0
27143,0.0,1.0
27145,0.0,1.0
27147,0.0,1.0
27149,0.0,1.0
27151,0.0,1.0
27153,0.0,1.0
27155,0.0,1.0
27157,0.0,1.0
27159,0.0,1.0
27161,0.0,1.0
27163,0.0,1.0
27165,0.0,1.0
27167,0.0,1.0
27169,0.0,1.0
27171,0.0,1.0
27173,0.0,1.0
28000,0.0,1.0
28001,0.5,0.5
28003,0.5,0.5
28005,0.5,0.5
28007,0.5,0.5
28009,0.5,0.5
28011,0.5,0.5
28013,0.5,0.5
28015,0.5,0.5
28017,0.5,0.5
28019,0.5,0.5
28021,0.5,0.5
28023,0.5,0.5
28025,0.5,0.5
28027,0.5,0.5
28029,0.5,0.5
28031,0.5,0.5
28033,0.0,1.0
28035,0.5,0.5
28037,0.5,0.5
28039,0.5,0.5
28041,0.5,0.5
28043,0.5,0.5
28045,0.5,0.5
28047,0.5,0.5
28049,0.0,1.0
28051,0.5,0.5
28053,0.5,0.5
28055,0.5,0.5
28057,0.5,0.5
28059,0.5,0.5
28061,0.5,0.5
28063,0.5,0.5
28065,0.5,0.5
28067,0.5,0.5
28069,0.5,0.5
28071,0.5,0.5
28073,0.5,0.5
28075,0.5,0.5
28077,0.5,0.5
28079,0.5,0.5
28081,0.0,1.0
28083,0.5,0.5
28085,0.5,0.5
28087,0.5,0.5
28089,0.5,0.5
28091,0.5,0.5
28093,0.5,0.5
28095,0.5,0.5
28097,0.5,0.5
28099,0.5,0.5
28101,0.5,0.5
28103,0.5,0.5
28105,0.5,0.5
28107,0.5,0.5
28109,0.5,0.5
28111,0.5,0.5
28113,0.5,0.5
28115,0.5,0.5
28117,0.5,0.5
28119,0.5,0.5
28121,0.5,0.5
28123,0.5,0.5
28125,0.5,0.5
28127,0.5,0.5
28129,0.5,0.5
28131,0.5,0.5
28133,0.5,0.5
28135,0.5,0.5
28137,0.5,0.5
28139,0.5,0.5
28141,0.5,0.5
28143,0.5,0.5
28145,0.5,0.5
28147,0.5,0.5
28149,0.5,0.5
28151,0.5,0.5
28153,0.5,0.5
28155,0.5,0.5
28157,0.5,0.5
28159,0.5,0.5
28161,0.0,1.0
28163,0.5,0.5
29000,0.0,1.0
29001,0.0,1.0
29003,0.0,1.0
29005,0.0,1.0
29007,0.0,1.0
29009,0.5,0.5
29011,0.0,1.0
29013,0.0,1.0
29015,0.0,1.0
29017,0.0,1.0
29019,0.0,1.0
29021,0.0,1.0
29023,0.5,0.5
29025,0.0,1.0
29027,0.0,1.0
29029,0.0,1.0
29031,0.0,1.0
29033,0.0,1.0
29035,0.5,0.5
29037,0.5,0.5
29039,0.5,0.5
29041,0.5,0.5
29043,0.0,1.0
29045,0.0,1.0
29047,0.0,1.0
29049,0.0,1.0
29051,0.0,1.0
29053,0.5,0.5
29055,0.0,1.0
29057,0.0,1.0
29059,0.0,1.0
29061,0.0,1.0
29063,0.0,1.0
29065,0.0,1.0
29067,0.0,1.0
29069,0.0,1.0
29071,0.0,1.0
29073,0.0,1.0
29075,0.0,1.0
29077,0.5,0.5
29079,0.0,1.0
29081,0.0,1.0
29083,0.5,0.5
29085,0.0,1.0
29087,0.0,1.0
29089,0.0,1.0
29091,0.0,1.0
29093,0.0,1.0
29095,0.0,1.0
29097,0.0,1.0
29099,0.5,0.5
29101,0.5,0.5
29103,0.0,1.0
29105,0.0,1.0
29107,0.0,1.0
29109,0.0,1.0
29111,0.0,1.0
29113,0.0,1.0
29115,0.0,1.0
29117,0.0,1.0
29119,0.0,1.0
29121,0.0,1.0
29123,0.0,1.0
29125,0.0,1.0
29127,0.0,1.0
29129,0.0,1.0
29131,0.0,1.0
29133,0.0,1.0
29135,0.5,0.5
29137,0.5,0.5
29139,0.0,1.0
29141,0.0,1.0
29143,0.0,1.0
29145,0.0,1.0
29147,0.0,1.0
29149,0.0,1.0
29151,0.0,1.0
29153,0.0,1.0
29155,0.5,0.5
29157,0.0,1.0
29159,0.5,0.5
29161,0.5,0.5
29163,0.0,1.0
29165,0.5,0.5
29167,0.5,0.5
29169,0.0,1.0
29171,0.0,1.0
29173,0.0,1.0
29175,0.0,1.0
29177,0.0,1.0
29179,0.0,1.0
29181,0.0,1.0
29183,0.0,1.0
29185,0.0,1.0
29186,0.0,1.0
29187,0.0,1.0
29189,0.333333333333,0.666666666667
29195,0.0,1.0
29197,0.0,1.0
29199,0.0,1.0
29201,0.0,1.0
29203,0.0,1.0
29205,0.0,1.0
29207,0.0,1.0
29209,0.0,1.0
29211,0.0,1.0
29213,0.0,1.0
29215,0.5,0.5
29217,0.5,0.5
29219,0.0,1.0
29221,0.0,1.0
29223,0.0,1.0
29225,0.0,1.0
29227,0.0,1.0
29229,0.5,0.5
29380,0.5,0.5
29510,0.5,0.5
30000,0.0,1.0
30001,0.0,1.0
30003,0.0,1.0
30005,0.0,1.0
30007,0.0,1.0
30009,0.0,1.0
30011,0.0,1.0
30013,0.0,1.0
30015,0.0,1.0
30017,0.0,1.0
30019,0.0,1.0
30021,0.0,1.0
30023,0.0,1.0
30025,0.0,1.0
30027,0.0,1.0
30029,0.0,1.0
30031,0.0,1.0
30033,0.0,1.0
30035,0.0,1.0
30037,0.0,1.0
30039,0.0,1.0
30041,0.0,1.0
30043,0.0,1.0
30045,0.0,1.0
30047,0.0,1.0
30049,0.0,1.0
30051,0.0,1.0
30053,0.0,1.0
30055,0.0,1.0
30057,0.0,1.0
30059,0.0,1.0
30061,0.0,1.0
30063,0.0,1.0
30065,0.0,1.0
30067,0.0,1.0
30069,0.0,1.0
30071,0.0,1.0
30073,0.0,1.0
30075,0.0,1.0
30077,0.0,1.0
30079,0.0,1.0
30081,0.0,1.0
30083,0.0,1.0
30085,0.0,1.0
30087,0.0,1.0
30089,0.0,1.0
30091,0.0,1.0
30093,0.0,1.0
30095,0.0,1.0
30097,0.0,1.0
30099,0.0,1.0
30101,0.0,1.0
30103,0.0,1.0
30105,0.0,1.0
30107,0.0,1.0
30109,0.0,1.0
30111,0.0,1.0
31000,0.0,1.0
31001,0.0,1.0
31003,0.0,1.0
31005,0.0,1.0
31007,0.0,1.0
31009,0.0,1.0
31011,0.0,1.0
31013,0.0,1.0
31015,0.0,1.0
31017,0.0,1.0
31019,0.0,1.0
31021,0.0,1.0
31023,0.0,1.0
31025,0.0,1.0
31027,0.0,1.0
31029,0.0,1.0
31031,0.0,1.0
31033,0.0,1.0
31035,0.0,1.0
31037,0.0,1.0
31039,0.0,1.0
31041,0.0,1.0
31043,0.0,1.0
31045,0.0,1.0
31047,0.0,1.0
31049,0.0,1.0
31051,0.0,1.0
31053,0.0,1.0
31055,0.0,1.0
31057,0.0,1.0
31059,0.0,1.0
31061,0.0,1.0
31063,0.0,1.0
31065,0.0,1.0
31067,0.0,1.0
31069,0.0,1.0
31071,0.0,1.0
31073,0.0,1.0
31075,0.0,1.0
31077,0.0,1.0
31079,0.0,1.0
31081,0.0,1.0
31083,0.0,1.0
31085,0.0,1.0
31087,0.0,1.0
31089,0.0,1.0
31091,0.0,1.0
31093,0.0,1.0
31095,0.0,1.0
31097,0.0,1.0
31099,0.0,1.0
31101,0.0,1.0
31103,0.0,1.0
31105,0.0,1.0
31107,0.0,1.0
31109,0.0,1.0
31111,0.0,1.0
31113,0.0,1.0
31115,0.0,1.0
31117,0.0,1.0
31119,0.0,1.0
31121,0.0,1.0
31123,0.0,1.0
31125,0.0,1.0
31127,0.0,1.0
31129,0.0,1.0
31131,0.0,1.0
31133,0.0,1.0
31135,0.0,1.0
31137,0.0,1.0
31139,0.0,1.0
31141,0.0,1.0
31143,0.0,1.0
31145,0.0,1.0
31147,0.0,1.0
31149,0.0,1.0
31151,0.0,1.0
31153,0.0,1.0
31155,0.0,1.0
31157,0.0,1.0
31159,0.0,1.0
31161,0.0,1.0
31163,0.0,1.0
31165,0.0,1.0
31167,0.0,1.0
31169,0.0,1.0
31171,0.0,1.0
31173,0.0,1.0
31175,0.0,1.0
31177,0.0,1.0
31179,0.0,1.0
31181,0.0,1.0
31183,0.0,1.0
31185,0.0,1.0
32000,0.0,1.0
32001,0.5,0.5
32003,0.5,0.5
32005,0.5,0.5
32007,0.5,0.5
32009,0.5,0.5
32011,0.5,0.5
32013,0.5,0.5
32015,0.5,0.5
32017,0.5,0.5
32019,0.5,0.5
32021,0.5,0.5
32023,0.5,0.5
32027,0.5,0.5
32029,0.5,0.5
32031,0.5,0.5
32033,0.5,0.5
32510,0.5,0.5
33000,0.0,1.0
33001,0.0,1.0
33003,0.0,1.0
33005,0.0,1.0
33007,0.0,1.0
33009,0.0,1.0
33011,0.0,1.0
33013,0.0,1.0
33015,0.0,1.0
33017,0.0,1.0
33019,0.0,1.0
34000,0.0,1.0
34001,0.5,0.5
34003,0.5,0.5
34005,0.5,0.5
34007,0.5,0.5
34009,0.5,0.5
34011,0.5,0.5
34013,0.5,0.5
34015,0.5,0.5
34017,0.5,0.5
34019,0.5,0.5
34021,0.5,0.5
34023,0.5,0.5
34025,0.5,0.5
34027,0.5,0.5
34029,0.5,0.5
34031,0.5,0.5
34033,0.5,0.5
34035,0.5,0.5
34037,0.5,0.5
34039,0.5,0.5
34041,0.5,0.5
35000,0.0,1.0
35001,0.0,1.0
35003,0.0,1.0
35005,0.0,1.0
35006,0.0,1.0
35007,0.0,1.0
35009,0.0,1.0
35011,0.0,1.0
35013,0.0,1.0
35015,0.0,1.0
35017,0.0,1.0
35019,0.0,1.0
35021,0.0,1.0
35023,0.0,1.0
35025,0.0,1.0
35027,0.0,1.0
35028,0.0,1.0
35029,0.0,1.0
35031,0.0,1.0
35033,0.0,1.0
35035,0.0,1.0
35037,0.0,1.0
35039,0.0,1.0
35041,0.0,1.0
35043,0.0,1.0
35045,0.0,1.0
35047,0.0,1.0
35049,0.0,1.0
35051,0.0,1.0
35053,0.0,1.0
35055,0.0,1.0
35057,0.0,1.0
35059,0.0,1.0
35061,0.0,1.0
36000,0.0,1.0
36001,0.0,1.0
36003,0.0,1.0
36005,0.0,1.0
36007,0.0,1.0
36009,0.0,1.0
36011,0.0,1.0
36013,0.0,1.0
36015,0.0,1.0
36017,0.0,1.0
36019,0.0,1.0
36021,0.0,1.0
36023,0.0,1.0
36025,0.0,1.0
36027,0.0,1.0
36029,0.0,1.0
36031,0.0,1.0
36033,0.0,1.0
36035,0.0,1.0
36037,0.0,1.0
36039,0.0,1.0
36041,0.0,1.0
36043,0.0,1.0
36045,0.0,1.0
36047,0.0,1.0
36049,0.0,1.0
36051,0.0,1.0
36053,0.0,1.0
36055,0.0,1.0
36057,0.0,1.0
36059,0.0,1.0
36061,0.0,1.0
36063,0.0,1.0
36065,0.0,1.0
36067,0.0,1.0
36069,0.0,1.0
36071,0.0,1.0
36073,0.0,1.0
36075,0.0,1.0
36077,0.0,1.0
36079,0.0,1.0
36081,0.0,1.0
36083,0.0,1.0
36085,0.0,1.0
36087,0.0,1.0
36089,0.0,1.0
36091,0.0,1.0
36093,0.0,1.0
36095,0.0,1.0
36097,0.0,1.0
36099,0.0,1.0
36101,0.0,1.0
36103,0.0,1.0
36105,0.0,1.0
36107,0.0,1.0
36109,0.0,1.0
36111,0.0,1.0
36113,0.0,1.0
36115,0.0,1.0
36117,0.0,1.0
36119,0.0,1.0
36121,0.0,1.0
36123,0.0,1.0
37000,0.0,1.0
37001,0.5,0.5
37003,0.0,1.0
37005,0.5,0.5
37007,0.0,1.0
37009,0.0,1.0
37011,0.0,1.0
37013,0.0,1.0
37015,0.0,1.0
37017,0.5,0.5
37019,0.5,0.5
37021,0.0,1.0
37023,0.5,0.5
37025,0.0,1.0
37027,0.0,1.0
37029,0.0,1.0
37031,0.0,1.0
37033,0.5,0.5
37035,0.333333333333,0.666666666667
37037,0.0,1.0
37039,0.5,0.5
37041,0.0,1.0
37043,0.0,1.0
37045,0.0,1.0
37047,0.0,1.0
37049,0.0,1.0
37051,0.5,0.5
37053,0.0,1.0
37055,0.5,0.5
37057,0.5,0.5
37059,0.5,0.5
37061,0.0,1.0
37063,0.0,1.0
37065,0.0,1.0
37067,0.333333333333,0.666666666667
37069,0.0,1.0
37071,0.0,1.0
37073,0.0,1.0
37075,0.0,1.0
37077,0.0,1.0
37079,0.0,1.0
37081,0.5,0.5
37083,0.0,1.0
37085,0.0,1.0
37087,0.5,0.5
37089,0.5,0.5
37091,0.0,1.0
37093,0.0,1.0
37095,0.0,1.0
37097,0.0,1.0
37099,0.5,0.5
37101,0.0,1.0
37103,0.0,1.0
37105,0.5,0.5
37107,0.5,0.5
37109,0.0,1.0
37111,0.0,1.0
37113,0.0,1.0
37115,0.5,0.5
37117,0.0,1.0
37119,0.5,0.5
37121,0.0,1.0
37123,0.0,1.0
37125,0.5,0.5
37127,0.0,1.0
37129,0.5,0.5
37131,0.0,1.0
37133,0.0,1.0
37135,0.0,1.0
37137,0.5,0.5
37139,0.0,1.0
37141,0.5,0.5
37143,0.5,0.5
37145,0.0,1.0
37147,0.0,1.0
37149,0.5,0.5
37151,0.0,1.0
37153,0.5,0.5
37155,0.0,1.0
37157,0.0,1.0
37159,0.0,1.0
37161,0.5,0.5
37163,0.0,1.0
37165,0.0,1.0
37167,0.0,1.0
37169,0.0,1.0
37171,0.5,0.5
37173,0.0,1.0
37175,0.5,0.5
37177,0.0,1.0
37179,0.0,1.0
37181,0.0,1.0
37183,0.0,1.0
37185,0.5,0.5
37187,0.0,1.0
37189,0.0,1.0
37191,0.0,1.0
37193,0.0,1.0
37195,0.5,0.5
37197,0.0,1.0
37199,0.0,1.0
38000,0.0,1.0
38001,0.0,1.0
38003,0.0,1.0
38005,0.0,1.0
38007,0.0,1.0
38009,0.0,1.0
38011,0.0,1.0
38013,0.0,1.0
38015,0.0,1.0
38017,0.0,1.0
38019,0.0,1.0
38021,0.0,1.0
38023,0.0,1.0
38025,0.0,1.0
38027,0.0,1.0
38029,0.0,1.0
38031,0.0,1.0
38033,0.0,1.0
38035,0.0,1.0
38037,0.0,1.0
38039,0.0,1.0
38041,0.0,1.0
38043,0.0,1.0
38045,0.0,1.0
38047,0.0,1.0
38049,0.0,1.0
38051,0.0,1.0
38053,0.0,1.0
38055,0.0,1.0
38057,0.0,1.0
38059,0.0,1.0
38061,0.0,1.0
38063,0.0,1.0
38065,0.0,1.0
38067,0.0,1.0
38069,0.0,1.0
38071,0.0,1.0
38073,0.0,1.0
38075,0.0,1.0
38077,0.0,1.0
38079,0.0,1.0
38081,0.0,1.0
38083,0.0,1.0
38085,0.0,1.0
38087,0.0,1.0
38089,0.0,1.0
38091,0.0,1.0
38093,0.0,1.0
38095,0.0,1.0
38097,0.0,1.0
38099,0.0,1.0
38101,0.0,1.0
38103,0.0,1.0
38105,0.0,1.0
39000,0.0,1.0
39001,0.5,0.5
39003,0.0,1.0
39005,0.5,0.5
39007,0.0,1.0
39009,0.0,1.0
39011,0.0,1.0
39013,0.0,1.0
39015,0.0,1.0
39017,0.5,0.5
39019,0.0,1.0
39021,0.0,1.0
39023,0.0,1.0
39025,0.0,1.0
39027,0.0,1.0
39029,0.0,1.0
39031,0.5,0.5
39033,0.5,0.5
39035,0.0,1.0
39037,0.5,0.5
39039,0.5,0.5
39041,0.5,0.5
39043,0.0,1.0
39045,0.5,0.5
39047,0.0,1.0
39049,0.5,0.5
39051,0.5,0.5
39053,0.5,0.5
39055,0.0,1.0
39057,0.5,0.5
39059,0.0,1.0
39061,0.5,0.5
39063,0.5,0.5
39065,0.5,0.5
39067,0.0,1.0
39069,0.5,0.5
39071,0.5,0.5
39073,0.5,0.5
39075,0.0,1.0
39077,0.0,1.0
39079,0.5,0.5
39081,0.5,0.5
39083,0.0,1.0
39085,0.5,0.5
39087,0.0,1.0
39089,0.5,0.5
39091,0.0,1.0
39093,0.5,0.5
39095,0.5,0.5
39097,0.0,1.0
39099,0.0,1.0
39101,0.5,0.5
39103,0.5,0.5
39105,0.0,1.0
39107,0.5,0.5
39109,0.5,0.5
39111,0.0,1.0
39113,0.5,0.5
39115,0.5,0.5
39117,0.5,0.5
39119,0.5,0.5
39121,0.0,1.0
39123,0.0,1.0
39125,0.5,0.5
39127,0.5,0.5
39129,0.5,0.5
39131,0.5,0.5
39133,0.0,1.0
39135,0.0,1.0
39137,0.0,1.0
39139,0.5,0.5
39141,0.5,0.5
39143,0.0,1.0
39145,0.5,0.5
39147,0.0,1.0
39149,0.0,1.0
39151,0.5,0.5
39153,0.0,1.0
39155,0.5,0.5
39157,0.5,0.5
39159,0.5,0.5
39161,0.5,0.5
39163,0.0,1.0
39165,0.0,1.0
39167,0.0,1.0
39169,0.5,0.5
39171,0.5,0.5
39173,0.5,0.5
39175,0.5,0.5
40000,0.0,1.0
40001,0.0,1.0
40003,0.0,1.0
40005,0.0,1.0
40007,0.0,1.0
40009,0.0,1.0
40011,0.0,1.0
40013,0.0,1.0
40015,0.0,1.0
40017,0.0,1.0
40019,0.0,1.0
40021,0.0,1.0
40023,0.0,1.0
40025,0.0,1.0
40027,0.0,1.0
40029,0.0,1.0
40031,0.0,1.0
40033,0.0,1.0
40035,0.0,1.0
40037,0.0,1.0
40039,0.0,1.0
40041,0.0,1.0
40043,0.0,1.0
40045,0.0,1.0
40047,0.0,1.0
40049,0.0,1.0
40051,0.0,1.0
40053,0.0,1.0
40055,0.0,1.0
40057,0.0,1.0
40059,0.0,1.0
40061,0.0,1.0
40063,0.0,1.0
40065,0.0,1.0
40067,0.0,1.0
40069,0.0,1.0
40071,0.0,1.0
40073,0.0,1.0
40075,0.0,1.0
40077,0.0,1.0
40079,0.0,1.0
40081,0.0,1.0
40083,0.0,1.0
40085,0.0,1.0
40087,0.0,1.0
40089,0.0,1.0
40091,0.0,1.0
40093,0.0,1.0
40095,0.0,1.0
40097,0.0,1.0
40099,0.0,1.0
40101,0.0,1.0
40103,0.0,1.0
40105,0.0,1.0
40107,0.0,1.0
40109,0.0,1.0
40111,0.0,1.0
40113,0.0,1.0
40115,0.0,1.0
40117,0.0,1.0
40119,0.0,1.0
40121,0.0,1.0
40123,0.0,1.0
40125,0.0,1.0
40127,0.0,1.0
40129,0.0,1.0
40131,0.0,1.0
40133,0.0,1.0
40135,0.0,1.0
40137,0.0,1.0
40139,0.0,1.0
40141,0.0,1.0
40143,0.0,1.0
40145,0.0,1.0
40147,0.0,1.0
40149,0.0,1.0
40151,0.0,1.0
40153,0.0,1.0
41000,0.0,1.0
41001,0.0,1.0
41003,0.0,1.0
41005,0.0,1.0
41007,0.0,1.0
41009,0.0,1.0
41011,0.0,1.0
41013,0.0,1.0
41015,0.0,1.0
41017,0.0,1.0
41019,0.0,1.0
41021,0.0,1.0
41023,0.0,1.0
41025,0.0,1.0
41027,0.0,1.0
41029,0.0,1.0
41031,0.0,1.0
41033,0.0,1.0
41035,0.0,1.0
41037,0.0,1.0
41039,0.0,1.0
41041,0.0,1.0
41043,0.0,1.0
41045,0.0,1.0
41047,0.0,1.0
41049,0.0,1.0
41051,0.0,1.0
41053,0.0,1.0
41055,0.0,1.0
41057,0.0,1.0
41059,0.0,1.0
41061,0.0,1.0
41063,0.0,1.0
41065,0.0,1.0
41067,0.0,1.0
41069,0.0,1.0
41071,0.0,1.0
42000,0.0,1.0
42001,0.0,1.0
42003,1.0,0.0
42005,1.0,0.0
42007,1.0,0.0
42009,0.5,0.5
42011,1.0,0.0
42013,1.0,0.0
42015,1.0,0.0
42017,1.0,0.0
42019,1.0,0.0
42021,1.0,0.0
42023,1.0,0.0
42025,1.0,0.0
42027,0.0,1.0
42029,0.5,0.5
42031,1.0,0.0
42033,1.0,0.0
42035,1.0,0.0
42037,0.5,0.5
42039,1.0,0.0
42041,0.5,0.5
42043,1.0,0.0
42045,1.0,0.0
42047,1.0,0.0
42049,1.0,0.0
42051,0.5,0.5
42053,1.0,0.0
42055,0.0,1.0
42057,0.0,1.0
42059,1.0,0.0
42061,0.0,1.0
42063,0.0,1.0
42065,1.0,0.0
42067,0.0,1.0
42069,0.0,1.0
42071,0.5,0.5
42073,1.0,0.0
42075,1.0,0.0
42077,1.0,0.0
42079,0.5,0.5
42081,1.0,0.0
42083,1.0,0.0
42085,1.0,0.0
42087,0.0,1.0
42089,1.0,0.0
42091,1.0,0.0
42093,0.0,1.0
42095,1.0,0.0
42097,1.0,0.0
42099,1.0,0.0
42101,1.0,0.0
42103,1.0,0.0
42105,1.0,0.0
42107,1.0,0.0
42109,0.0,1.0
42111,1.0,0.0
42113,1.0,0.0
42115,0.0,1.0
42117,1.0,0.0
42119,1.0,0.0
42121,1.0,0.0
42123,1.0,0.0
42125,1.0,0.0
42127,0.0,1.0
42129,0.333333333333,0.666666666667
42131,1.0,0.0
42133,1.0,0.0
44000,0.0,1.0
44001,0.0,1.0
44003,0.0,1.0
44005,0.0,1.0
44007,0.0,1.0
44009,0.0,1.0
45000,0.0,1.0
45001,0.5,0.5
45003,0.5,0.5
45005,0.5,0.5
45007,0.5,0.5
45009,0.5,0.5
45011,0.5,0.5
45013,0.5,0.5
45015,0.5,0.5
45017,0.5,0.5
45019,0.5,0.5
45021,0.5,0.5
45023,0.5,0.5
45025,0.5,0.5
45027,0.5,0.5
45029,0.5,0.5
45031,0.5,0.5
45033,0.5,0.5
45035,0.5,0.5
45037,0.5,0.5
45039,0.5,0.5
45041,0.5,0.5
45043,0.5,0.5
45045,0.5,0.5
45047,0.5,0.5
45049,0.5,0.5
45051,0.5,0.5
45053,0.5,0.5
45055,0.5,0.5
45057,0.5,0.5
45059,0.5,0.5
45061,0.5,0.5
45063,0.5,0.5
45065,0.5,0.5
45067,0.5,0.5
45069,0.5,0.5
45071,0.5,0.5
45073,0.5,0.5
45075,0.5,0.5
45077,0.5,0.5
45079,0.5,0.5
45081,0.5,0.5
45083,0.5,0.5
45085,0.5,0.5
45087,0.5,0.5
45089,0.5,0.5
45091,0.5,0.5
46000,0.0,1.0
46003,0.0,1.0
46005,0.0,1.0
46007,0.0,1.0
46009,0.0,1.0
46011,0.0,1.0
46013,0.0,1.0
46015,0.0,1.0
46017,0.0,1.0
46019,0.0,1.0
46021,0.0,1.0
46023,0.0,1.0
46025,0.0,1.0
46027,0.0,1.0
46029,0.0,1.0
46031,0.0,1.0
46033,0.0,1.0
46035,0.0,1.0
46037,0.0,1.0
46039,0.0,1.0
46041,0.0,1.0
46043,0.0,1.0
46045,0.0,1.0
46047,0.0,1.0
46049,0.0,1.0
46051,0.0,1.0
46053,0.0,1.0
46055,0.0,1.0
46057,0.0,1.0
46059,0.0,1.0
46061,0.0,1.0
46063,0.0,1.0
46065,0.0,1.0
46067,0.0,1.0
46069,0.0,1.0
46071,0.0,1.0
46073,0.0,1.0
46075,0.0,1.0
46077,0.0,1.0
46079,0.0,1.0
46081,0.0,1.0
46083,0.0,1.0
46085,0.0,1.0
46087,0.0,1.0
46089,0.0,1.0
46091,0.0,1.0
46093,0.0,1.0
46095,0.0,1.0
46097,0.0,1.0
46099,0.0,1.0
46101,0.0,1.0
46103,0.0,1.0
46105,0.0,1.0
46107,0.0,1.0
46109,0.0,1.0
46111,0.0,1.0
46113,0.0,1.0
46115,0.0,1.0
46117,0.0,1.0
46119,0.0,1.0
46121,0.0,1.0
46123,0.0,1.0
46125,0.0,1.0
46127,0.0,1.0
46129,0.0,1.0
46135,0.0,1.0
46137,0.0,1.0
47000,0.0,1.0
47001,0.5,0.5
47003,0.5,0.5
47005,0.5,0.5
47007,0.5,0.5
47009,0.5,0.5
47011,0.5,0.5
47013,0.5,0.5
47015,0.5,0.5
47017,0.5,0.5
47019,0.5,0.5
47021,0.5,0.5
47023,0.5,0.5
47025,0.5,0.5
47027,0.5,0.5
47029,0.5,0.5
47031,0.5,0.5
47033,0.5,0.5
47035,0.5,0.5
47037,0.5,0.5
47039,0.5,0.5
47041,0.5,0.5
47043,0.5,0.5
47045,0.5,0.5
47047,0.5,0.5
47049,0.5,0.5
47051,0.5,0.5
47053,0.5,0.5
47055,0.5,0.5
47057,0.5,0.5
47059,0.5,0.5
47061,0.5,0.5
47063,0.5,0.5
47065,0.0,1.0
47067,0.5,0.5
47069,0.5,0.5
47071,0.0,1.0
47073,0.5,0.5
47075,0.5,0.5
47077,0.5,0.5
47079,0.5,0.5
47081,0.5,0.5
47083,0.5,0.5
47085,0.5,0.5
47087,0.5,0.5
47089,0.5,0.5
47091,0.5,0.5
47093,0.5,0.5
47095,0.5,0.5
47097,0.5,0.5
47099,0.5,0.5
47101,0.5,0.5
47103,0.5,0.5
47105,0.5,0.5
47107,0.5,0.5
47109,0.0,1.0
47111,0.5,0.5
47113,0.5,0.5
47115,0.5,0.5
47117,0.5,0.5
47119,0.5,0.5
47121,0.5,0.5
47123,0.5,0.5
47125,0.5,0.5
47127,0.5,0.5
47129,0.5,0.5
47131,0.5,0.5
47133,0.5,0.5
47135,0.5,0.5
47137,0.5,0.5
47139,0.0,1.0
47141,0.5,0.5
47143,0.5,0.5
47145,0.5,0.5
47147,0.5,0.5
47149,0.5,0.5
47151,0.5,0.5
47153,0.5,0.5
47155,0.5,0.5
47157,0.5,0.5
47159,0.5,0.5
47161,0.5,0.5
47163,0.5,0.5
47165,0.5,0.5
47167,0.5,0.5
47169,0.5,0.5
47171,0.5,0.5
47173,0.5,0.5
47175,0.5,0.5
47177,0.5,0.5
47179,0.5,0.5
47181,0.5,0.5
47183,0.5,0.5
47185,0.5,0.5
47187,0.5,0.5
47189,0.0,1.0
48000,0.0,1.0
48001,0.0,1.0
48003,0.0,1.0
48005,0.5,0.5
48007,0.5,0.5
48009,0.5,0.5
48011,0.5,0.5
48013,0.5,0.5
48015,0.0,1.0
48017,0.0,1.0
48019,0.5,0.5
48021,0.0,1.0
48023,0.0,1.0
48025,0.5,0.5
48027,0.0,1.0
48029,0.5,0.5
48031,0.0,1.0
48033,0.0,1.0
48035,0.0,1.0
48037,0.0,1.0
48039,0.5,0.5
48041,0.5,0.5
48043,0.5,0.5
48045,0.5,0.5
48047,0.5,0.5
48049,0.5,0.5
48051,0.5,0.5
48053,0.5,0.5
48055,0.5,0.5
48057,0.0,1.0
48059,0.5,0.5
48061,0.0,1.0
48063,0.0,1.0
48065,0.0,1.0
48067,0.5,0.5
48069,0.5,0.5
48071,0.5,0.5
48073,0.5,0.5
48075,0.5,0.5
48077,0.0,1.0
48079,0.0,1.0
48081,0.5,0.5
48083,0.5,0.5
48085,0.5,0.5
48087,0.0,1.0
48089,0.0,1.0
48091,0.5,0.5
48093,0.5,0.5
48095,0.5,0.5
48097,0.0,1.0
48099,0.5,0.5
48101,0.5,0.5
48103,0.5,0.5
48105,0.0,1.0
48107,0.5,0.5
48109,0.5,0.5
48111,0.0,1.0
48113,0.333333333333,0.666666666667
48115,0.5,0.5
48117,0.5,0.5
48119,0.5,0.5
48121,0.333333333333,0.666666666667
48123,0.5,0.5
48125,0.5,0.5
48127,0.0,1.0
48129,0.0,1.0
48131,0.5,0.5
48133,0.5,0.5
48135,0.5,0.5
48137,0.0,1.0
48139,0.0,1.0
48141,0.5,0.5
48143,0.5,0.5
48145,0.5,0.5
48147,0.5,0.5
48149,0.0,1.0
48151,0.0,1.0
48153,0.5,0.5
48155,0.5,0.5
48157,0.5,0.5
48159,0.0,1.0
48161,0.5,0.5
48163,0.0,1.0
48165,0.5,0.5
48167,0.333333333333,0.666666666667
48169,0.0,1.0
48171,0.0,1.0
48173,0.0,1.0
48175,0.0,1.0
48177,0.0,1.0
48179,0.5,0.5
48181,0.5,0.5
48183,0.5,0.5
48185,0.5,0.5
48187,0.5,0.5
48189,0.5,0.5
48191,0.5,0.5
48193,0.0,1.0
48195,0.0,1.0
48197,0.0,1.0
48199,0.5,0.5
48201,0.5,0.5
48203,0.333333333333,0.666666666667
48205,0.0,1.0
48207,0.0,1.0
48209,0.5,0.5
48211,0.0,1.0
48213,0.5,0.5
48215,0.5,0.5
48217,0.5,0.5
48219,0.0,1.0
48221,0.5,0.5
48223,0.5,0.5
48225,0.0,1.0
48227,0.5,0.5
48229,0.5,0.5
48231,0.333333333333,0.666666666667
48233,0.5,0.5
48235,0.5,0.5
48237,0.5,0.5
48239,0.5,0.5
48241,0.0,1.0
48243,0.0,1.0
48245,0.5,0.5
48247,0.5,0.5
48249,0.5,0.5
48251,0.0,1.0
48253,0.5,0.5
48255,0.5,0.5
48257,0.5,0.5
48259,0.5,0.5
48261,0.5,0.5
48263,0.0,1.0
48265,0.5,0.5
48267,0.5,0.5
48269,0.0,1.0
48271,0.0,1.0
48273,0.0,1.0
48275,0.0,1.0
48277,0.0,1.0
48279,0.0,1.0
48281,0.5,0.5
48283,0.5,0.5
48285,0.5,0.5
48287,0.5,0.5
48289,0.5,0.5
48291,0.5,0.5
48293,0.5,0.5
48295,0.5,0.5
48297,0.0,1.0
48299,0.5,0.5
48301,0.0,1.0
48303,0.5,0.5
48305,0.0,1.0
48307,0.5,0.5
48309,0.5,0.5
48311,0.0,1.0
48313,0.5,0.5
48315,0.5,0.5
48317,0.5,0.5
48319,0.0,1.0
48321,0.5,0.5
48323,0.0,1.0
48325,0.5,0.5
48327,0.5,0.5
48329,0.5,0.5
48331,0.5,0.5
48333,0.5,0.5
48335,0.0,1.0
48337,0.5,0.5
48339,0.5,0.5
48341,0.5,0.5
48343,0.5,0.5
48345,0.5,0.5
48347,0.5,0.5
48349,0.5,0.5
48351,0.0,1.0
48353,0.0,1.0
48355,0.5,0.5
48357,0.0,1.0
48359,0.0,1.0
48361,0.0,1.0
48363,0.5,0.5
48365,0.0,1.0
48367,0.5,0.5
48369,0.0,1.0
48371,0.0,1.0
48373,0.5,0.5
48375,0.5,0.5
48377,0.5,0.5
48379,0.5,0.5
48381,0.5,0.5
48383,0.5,0.5
48385,0.0,1.0
48387,0.5,0.5
48389,0.0,1.0
48391,0.5,0.5
48393,0.5,0.5
48395,0.0,1.0
48397,0.5,0.5
48399,0.5,0.5
48401,0.5,0.5
48403,0.0,1.0
48405,0.0,1.0
48407,0.5,0.5
48409,0.5,0.5
48411,0.0,1.0
48413,0.0,1.0
48415,0.5,0.5
48417,0.5,0.5
48419,0.0,1.0
48421,0.5,0.5
48423,0.5,0.5
48425,0.0,1.0
48427,0.333333333333,0.666666666667
48429,0.0,1.0
48431,0.5,0.5
48433,0.0,1.0
48435,0.0,1.0
48437,0.5,0.5
48439,0.333333333333,0.666666666667
48441,0.5,0.5
48443,0.0,1.0
48445,0.0,1.0
48447,0.5,0.5
48449,0.0,1.0
48451,0.333333333333,0.666666666667
48453,0.5,0.5
48455,0.0,1.0
48457,0.0,1.0
48459,0.5,0.5
48461,0.5,0.5
48463,0.5,0.5
48465,0.0,1.0
48467,0.0,1.0
48469,0.5,0.5
48471,0.0,1.0
48473,0.5,0.5
48475,0.0,1.0
48477,0.0,1.0
48479,0.5,0.5
48481,0.5,0.5
48483,0.5,0.5
48485,0.5,0.5
48487,0.5,0.5
48489,0.5,0.5
48491,0.333333333333,0.666666666667
48493,0.5,0.5
48495,0.0,1.0
48497,0.5,0.5
48499,0.5,0.5
48501,0.0,1.0
48503,0.0,1.0
48505,0.5,0.5
48507,0.0,1.0
49000,0.0,1.0
49001,0.5,0.5
49003,0.5,0.5
49005,0.5,0.5
49007,0.5,0.5
49009,0.5,0.5
49011,0.5,0.5
49013,0.5,0.5
49015,0.5,0.5
49017,0.5,0.5
49019,0.5,0.5
49021,0.5,0.5
49023,0.5,0.5
49025,0.5,0.5
49027,0.5,0.5
49029,0.5,0.5
49031,0.5,0.5
49033,0.5,0.5
49035,0.5,0.5
49037,0.5,0.5
49039,0.5,0.5
49041,0.5,0.5
49043,0.5,0.5
49045,0.5,0.5
49047,0.5,0.5
49049,0.5,0.5
49051,0.5,0.5
49053,0.5,0.5
49055,0.5,0.5
49057,0.5,0.5
50000,0.0,1.0
50001,0.0,1.0
50003,0.0,1.0
50005,0.0,1.0
50007,0.0,1.0
50009,0.0,1.0
50011,0.0,1.0
50013,0.0,1.0
50015,0.0,1.0
50017,0.0,1.0
50019,0.0,1.0
50021,0.0,1.0
50023,0.0,1.0
50025,0.0,1.0
50027,0.0,1.0
51000,0.0,1.0
51001,0.0,1.0
51003,0.0,1.0
51005,0.5,0.5
51007,0.5,0.5
51009,0.0,1.0
51011,0.0,1.0
51013,0.0,1.0
51015,0.5,0.5
51017,0.333333333333,0.666666666667
51019,0.0,1.0
51021,0.0,1.0
51023,0.0,1.0
51025,0.0,1.0
51027,0.5,0.5
51029,0.0,1.0
51031,0.0,1.0
51033,0.0,1.0
51035,0.0,1.0
51036,0.5,0.5
51037,0.5,0.5
51041,0.0,1.0
51043,0.0,1.0
51045,0.0,1.0
51047,0.5,0.5
51049,0.5,0.5
51051,0.5,0.5
51053,0.0,1.0
51057,0.0,1.0
51059,0.0,1.0
51061,0.0,1.0
51063,0.0,1.0
51065,0.0,1.0
51067,0.0,1.0
51069,0.333333333333,0.666666666667
51071,0.0,1.0
51073,0.5,0.5
51075,0.0,1.0
51077,0.5,0.5
51079,0.0,1.0
51081,0.333333333333,0.666666666667
51083,0.0,1.0
51085,0.0,1.0
51087,0.0,1.0
51089,0.0,1.0
51091,0.0,1.0
51093,0.5,0.5
51095,0.0,1.0
51097,0.0,1.0
51099,0.0,1.0
51101,0.0,1.0
51103,0.0,1.0
51105,0.5,0.5
51107,0.0,1.0
51109,0.0,1.0
51111,0.0,1.0
51113,0.5,0.5
51115,0.5,0.5
51117,0.0,1.0
51119,0.0,1.0
51121,0.0,1.0
51125,0.0,1.0
51127,0.0,1.0
51131,0.0,1.0
51133,0.0,1.0
51135,0.5,0.5
51137,0.0,1.0
51139,0.5,0.5
51141,0.5,0.5
51143,0.0,1.0
51145,0.0,1.0
51147,0.5,0.5
51149,0.5,0.5
51153,0.0,1.0
51155,0.5,0.5
51157,0.333333333333,0.666666666667
51159,0.0,1.0
51161,0.0,1.0
51163,0.0,1.0
51165,0.0,1.0
51167,0.666666666667,0.333333333333
51169,0.5,0.5
51171,0.5,0.5
51173,0.5,0.5
51175,0.0,1.0
51177,0.0,1.0
51179,0.0,1.0
51181,0.333333333333,0.666666666667
51183,0.333333333333,0.666666666667
51185,0.5,0.5
51187,0.0,1.0
51191,0.5,0.5
51193,0.0,1.0
51195,0.5,0.5
51197,0.0,1.0
51199,0.0,1.0
51510,0.5,0.5
51520,0.0,1.0
51530,0.5,0.5
51540,0.0,1.0
51550,0.666666666667,0.333333333333
51570,0.5,0.5
51580,0.333333333333,0.666666666667
51590,0.5,0.5
51595,0.333333333333,0.666666666667
51600,0.0,1.0
51610,0.5,0.5
51620,0.5,0.5
51630,0.0,1.0
51640,0.5,0.5
51650,0.0,1.0
51660,0.0,1.0
51670,0.5,0.5
51678,0.5,0.5
51680,0.0,1.0
51683,0.5,0.5
51685,0.0,1.0
51690,0.5,0.5
51700,0.0,1.0
51710,0.5,0.5
51720,0.333333333333,0.666666666667
51730,0.0,1.0
51735,0.5,0.5
51740,0.5,0.5
51750,0.0,1.0
51760,0.0,1.0
51770,0.0,1.0
51775,0.0,1.0
51790,0.5,0.5
51800,0.0,1.0
51810,0.0,1.0
51820,0.0,1.0
51830,0.0,1.0
51840,0.0,1.0
53000,0.0,1.0
53001,0.0,1.0
53003,0.5,0.5
53005,0.5,0.5
53007,0.0,1.0
53009,0.5,0.5
53011,0.5,0.5
53013,0.5,0.5
53015,0.5,0.5
53017,0.0,1.0
53019,0.5,0.5
53021,0.5,0.5
53023,0.5,0.5
53025,0.0,1.0
53027,0.0,1.0
53029,0.0,1.0
53031,0.0,1.0
53033,0.5,0.5
53035,0.5,0.5
53037,0.5,0.5
53039,0.5,0.5
53041,0.5,0.5
53043,0.5,0.5
53045,0.5,0.5
53047,0.5,0.5
53049,0.5,0.5
53051,0.0,1.0
53053,0.5,0.5
53055,0.5,0.5
53057,0.5,0.5
53059,0.5,0.5
53061,0.5,0.5
53063,0.0,1.0
53065,0.5,0.5
53067,0.0,1.0
53069,0.0,1.0
53071,0.0,1.0
53073,0.5,0.5
53075,0.0,1.0
53077,0.5,0.5
54000,0.0,1.0
54001,0.5,0.5
54003,1.0,0.0
54005,1.0,0.0
54007,0.5,0.5
54009,0.5,0.5
54011,1.0,0.0
54013,1.0,0.0
54015,0.5,0.5
54017,1.0,0.0
54019,0.5,0.5
54021,0.5,0.5
54023,0.5,0.5
54025,1.0,0.0
54027,0.5,0.5
54029,1.0,0.0
54031,0.5,0.5
54033,0.0,1.0
54035,1.0,0.0
54037,0.0,1.0
54039,0.0,1.0
54041,0.0,1.0
54043,1.0,0.0
54045,1.0,0.0
54047,0.5,0.5
54049,1.0,0.0
54051,1.0,0.0
54053,0.5,0.5
54055,1.0,0.0
54057,0.5,0.5
54059,1.0,0.0
54061,0.0,1.0
54063,1.0,0.0
54065,1.0,0.0
54067,0.5,0.5
54069,0.0,1.0
54071,0.5,0.5
54073,1.0,0.0
54075,1.0,0.0
54077,1.0,0.0
54079,0.5,0.5
54081,1.0,0.0
54083,1.0,0.0
54085,1.0,0.0
54087,1.0,0.0
54089,1.0,0.0
54091,0.0,1.0
54093,0.5,0.5
54095,1.0,0.0
54097,0.5,0.5
54099,1.0,0.0
54101,0.5,0.5
54103,1.0,0.0
54105,1.0,0.0
54107,1.0,0.0
54109,0.5,0.5
55000,0.0,1.0
55001,0.210526315789,0.789473684211
55003,0.0,1.0
55005,0.5,0.5
55007,0.0,1.0
55009,0.0,1.0
55011,0.5,0.5
55013,0.5,0.5
55015,0.5,0.5
55017,0.5,0.5
55019,0.454545454545,0.545454545455
55021,0.0,1.0
55023,0.5,0.5
55025,0.0,1.0
55027,0.5,0.5
55029,0.0,1.0
55031,0.0,1.0
55033,0.5,0.5
55035,0.5,0.5
55037,0.4375,0.5625
55039,0.0,1.0
55041,0.5,0.5
55043,0.5,0.5
55045,0.0,1.0
55047,0.5,0.5
55049,0.46,0.54
55051,0.5,0.5
55053,0.5,0.5
55055,0.0,1.0
55057,0.5,0.5
55059,0.0,1.0
55061,0.5,0.5
55063,0.0,1.0
55065,0.5,0.5
55067,0.5,0.5
55069,0.0,1.0
55071,0.0333333333333,0.966666666667
55073,0.0,1.0
55075,0.5,0.5
55077,0.5,0.5
55078,0.0,1.0
55079,0.0,1.0
55081,0.5,0.5
55083,0.5,0.5
55085,0.5,0.5
55087,0.483870967742,0.516129032258
55089,0.0,1.0
55091,0.5,0.5
55093,0.48,0.52
55095,0.5,0.5
55097,0.0,1.0
55099,0.5,0.5
55101,0.5,0.5
55103,0.5,0.5
55105,0.0,1.0
55107,0.5,0.5
55109,0.0,1.0
55111,0.0,1.0
55113,0.5,0.5
55115,0.5,0.5
55117,0.5,0.5
55119,0.5,0.5
55121,0.5,0.5
55123,0.5,0.5
55125,0.5,0.5
55127,0.5,0.5
55129,0.48,0.52
55131,0.0,1.0
55133,0.0,1.0
55135,0.5,0.5
55137,0.5,0.5
55139,0.0238095238095,0.97619047619
55141,0.0,1.0
56000,0.0,1.0
56001,0.0,1.0
56003,0.0,1.0
56005,0.0,1.0
56007,0.5,0.5
56009,0.0,1.0
56011,0.0,1.0
56013,0.0,1.0
56015,0.5,0.5
56017,0.0,1.0
56019,0.0,1.0
56021,0.5,0.5
56023,0.0,1.0
56025,0.0,1.0
56027,0.0,1.0
56029,0.0,1.0
56031,0.0,1.0
56033,0.0,1.0
56035,0.0,1.0
56037,0.0,1.0
56039,0.0,1.0
56041,0.0,1.0
56043,0.0,1.0
56045,0.0,1.0
