County_FIPS,D,I,R
1001.0,23.95,1.3,73.43
1003.0,19.56,1.54,77.35
1005.0,46.66,0.53,52.27
1007.0,21.42,0.8,76.96
1009.0,8.46,0.835,89.85
1011.0,75.09,0.335,24.22
1013.0,42.78,0.44,56.31
1015.0,27.85,1.45,69.23
1017.0,41.82,0.76,56.63
1019.0,14.51,0.805,83.87
1021.0,15.93,0.755,82.54
1023.0,42.77,0.39,56.43
1025.0,44.15,0.44,54.95
1027.0,18.77,0.815,79.58
1029.0,10.47,0.835,87.84
1031.0,20.44,1.2,77.14
1033.0,29.62,1.24,67.88
1035.0,46.9,0.46,52.16
1037.0,34.08,0.635,64.63
1039.0,15.03,0.68,83.58
1041.0,26.59,0.62,72.15
1043.0,10.0,1.085,87.81
1045.0,23.67,1.1,74.11
1047.0,68.47,0.315,30.88
1049.0,14.11,1.19,83.48
1051.0,22.85,1.145,74.83
1053.0,30.88,0.76,67.58
1055.0,23.8,1.135,73.91
1057.0,16.56,0.805,81.8
1059.0,18.37,1.22,79.18
1061.0,13.05,0.725,85.48
1063.0,82.39,0.18,17.23
1065.0,59.57,0.405,39.6
1067.0,28.51,0.67,70.13
1069.0,25.09,1.085,72.72
1071.0,17.62,1.15,80.07
1073.0,52.24,1.36,45.02
1075.0,14.93,0.55,83.95
1077.0,25.44,1.54,71.45
1079.0,24.69,0.955,73.39
1081.0,36.39,2.04,59.51
1083.0,23.7,1.56,73.15
1085.0,73.12,0.315,26.22
1087.0,82.72,0.66,15.93
1089.0,39.15,2.455,55.93
1091.0,51.21,0.525,47.71
1093.0,11.09,0.8,87.3
1095.0,14.05,1.19,83.56
1097.0,41.88,1.18,55.74
1099.0,42.31,0.505,56.66
1101.0,62.03,1.04,35.87
1103.0,22.43,1.38,74.79
1105.0,72.74,0.27,26.69
1107.0,41.83,0.355,57.44
1109.0,38.68,1.165,58.97
1111.0,22.6,0.7,75.98
1113.0,50.04,0.905,48.12
1115.0,14.62,1.06,83.24
1117.0,23.11,1.725,73.42
1119.0,74.15,0.55,24.73
1121.0,36.45,0.77,62.0
1123.0,28.48,0.715,70.07
1125.0,38.85,1.375,58.37
1127.0,15.34,0.935,82.78
1129.0,27.86,0.55,71.01
1131.0,71.02,0.235,28.49
1133.0,8.49,0.77,89.95
4001.0,65.36,3.07,28.48
4003.0,35.43,3.26,58.02
4005.0,56.32,3.39,36.88
4007.0,31.52,2.285,63.89
4009.0,27.64,2.565,67.21
4011.0,33.67,3.985,58.34
4012.0,26.72,2.345,68.56
4013.0,45.67,2.59,49.12
4015.0,22.22,2.05,73.67
4017.0,43.38,2.655,51.3
4019.0,54.23,2.505,40.75
4021.0,38.09,2.24,57.41
4023.0,71.57,1.975,24.45
4025.0,32.01,2.265,63.44
4027.0,44.98,2.25,50.5
5001.0,31.21,1.195,61.58
5003.0,29.79,0.69,66.03
5005.0,21.09,0.766666666667,74.27
5007.0,28.88,1.36,62.91
5009.0,18.16,0.976666666667,75.94
5011.0,36.06,0.778333333333,59.22
5013.0,28.09,0.54,68.63
5015.0,31.05,0.971666666667,63.08
5017.0,56.27,0.433333333333,41.09
5019.0,42.39,0.975,51.71
5021.0,33.32,0.606666666667,63.0
5023.0,17.39,0.72,78.25
5025.0,21.56,0.835,73.38
5027.0,35.33,0.541666666667,61.39
5029.0,33.51,0.883333333333,61.15
5031.0,29.58,0.998333333333,64.39
5033.0,19.97,0.943333333333,74.34
5035.0,52.64,0.596666666667,43.74
5037.0,29.06,0.7,66.69
5039.0,42.07,0.578333333333,54.42
5041.0,52.37,0.426666666667,45.03
5043.0,35.87,0.65,60.19
5045.0,30.77,1.23166666667,61.8
5047.0,20.34,0.866666666667,74.42
5049.0,22.36,0.811666666667,72.73
5051.0,30.15,0.976666666667,63.95
5053.0,20.36,0.818333333333,74.69
5055.0,20.98,0.918333333333,73.47
5057.0,33.72,0.633333333333,62.45
5059.0,26.34,0.861666666667,68.46
5061.0,28.9,0.586666666667,67.54
5063.0,21.16,0.968333333333,72.98
5065.0,20.4,0.888333333333,74.23
5067.0,30.73,0.986666666667,63.32
5069.0,60.88,0.556666666667,35.74
5071.0,26.64,1.08333333333,66.82
5073.0,36.12,0.393333333333,61.48
5075.0,22.21,1.045,71.48
5077.0,57.45,0.3,40.69
5079.0,32.72,0.511666666667,64.16
5081.0,26.47,0.868333333333,68.29
5083.0,21.64,0.965,72.53
5085.0,20.87,0.9,73.69
5087.0,23.23,0.786666666667,72.0
5089.0,20.31,0.791666666667,74.9
5091.0,26.55,0.536666666667,70.18
5093.0,42.99,0.588333333333,53.44
5095.0,46.72,0.473333333333,50.39
5097.0,21.17,0.778333333333,74.12
5099.0,35.64,0.436666666667,61.7
5101.0,18.62,0.788333333333,76.6
5103.0,43.5,0.436666666667,53.85
5105.0,24.28,0.965,69.89
5107.0,61.91,0.466666666667,35.24
5109.0,17.18,0.608333333333,79.14
5111.0,35.22,0.948333333333,59.05
5113.0,14.72,0.805,80.41
5115.0,22.13,0.958333333333,72.09
5117.0,23.6,0.601666666667,72.76
5119.0,56.04,0.93,38.36
5121.0,22.34,1.15833333333,70.68
5123.0,54.25,0.455,43.0
5125.0,25.19,1.09833333333,68.18
5127.0,16.68,0.835,78.27
5129.0,16.12,0.765,79.26
5131.0,27.61,1.19,65.2
5133.0,23.52,0.773333333333,71.79
5135.0,20.31,0.843333333333,74.59
5137.0,21.35,0.886666666667,73.29
5139.0,34.48,0.566666666667,62.07
5141.0,21.73,0.433333333333,75.63
5143.0,40.6,1.42666666667,50.81
5145.0,18.45,1.03833333333,75.28
5147.0,43.53,0.676666666667,52.37
5149.0,22.91,0.905,71.61
6001.0,79.5,1.8,15.07
6003.0,55.3,2.66333333333,36.69
6005.0,34.03,1.85,60.39
6007.0,43.75,2.44333333333,48.89
6009.0,35.41,2.14,58.14
6011.0,39.68,1.86333333333,54.71
6013.0,68.77,1.78333333333,25.85
6015.0,37.7,2.43666666667,54.97
6017.0,40.12,2.16,53.37
6019.0,48.63,1.58,46.6
6021.0,32.46,1.64333333333,62.59
6023.0,58.25,3.12333333333,32.35
6025.0,68.7,1.46333333333,26.88
6027.0,39.51,2.42333333333,53.18
6029.0,38.51,1.71,56.33
6031.0,38.63,1.78666666667,55.99
6033.0,47.83,2.68666666667,44.09
6035.0,21.52,1.98666666667,72.51
6037.0,71.49,1.68,23.44
6039.0,38.76,1.70666666667,56.09
6041.0,78.89,1.65333333333,16.13
6043.0,34.96,2.08333333333,58.77
6045.0,60.38,2.79,31.22
6047.0,51.39,1.70333333333,43.47
6049.0,23.75,1.46333333333,71.83
6051.0,51.57,2.73,40.21
6053.0,66.87,1.82666666667,27.63
6055.0,64.86,1.84,29.6
6057.0,48.7,2.37333333333,44.15
6059.0,49.86,1.8,44.71
6061.0,41.76,1.90666666667,52.5
6063.0,36.51,1.98666666667,57.51
6065.0,48.95,1.54333333333,46.4
6067.0,58.16,1.99666666667,35.83
6069.0,57.41,1.83333333333,37.06
6071.0,51.81,1.70666666667,43.05
6073.0,55.88,1.76333333333,38.81
6075.0,85.41,1.62333333333,9.7
6077.0,53.21,1.62,41.91
6079.0,50.84,2.23666666667,42.42
6081.0,76.3,1.53,19.09
6083.0,61.09,2.01,32.85
6085.0,73.21,1.9,21.07
6087.0,75.4,2.16333333333,18.09
6089.0,28.43,1.92666666667,65.77
6091.0,33.27,2.80666666667,58.29
6093.0,35.87,2.26,57.32
6095.0,61.9,1.91666666667,32.31
6097.0,70.72,2.15333333333,22.8
6099.0,46.69,1.77333333333,47.97
6101.0,38.69,1.91333333333,55.55
6103.0,29.29,1.76666666667,65.39
6105.0,39.77,3.04,51.08
6107.0,39.55,1.54333333333,55.79
6109.0,37.84,1.78666666667,56.78
6111.0,55.15,1.92,39.06
6113.0,68.07,1.96,26.03
6115.0,34.26,2.10333333333,59.4
8001.0,49.37,0.4185,42.14
8003.0,45.93,0.5005,43.94
8005.0,52.67,0.4135,38.92
8007.0,34.14,0.386,58.07
8009.0,13.19,0.2645,81.44
8011.0,30.7,0.38,61.62
8013.0,70.56,0.3695,21.93
8014.0,52.3,0.4695,38.21
8015.0,43.39,0.422,48.03
8017.0,11.8,0.203,84.1
8019.0,46.72,0.4675,43.85
8021.0,44.15,0.4155,47.48
8023.0,60.93,0.354,31.92
8025.0,22.23,0.348,70.74
8027.0,26.01,0.338,67.19
8029.0,24.29,0.3035,69.52
8031.0,75.27,0.293,18.77
8033.0,18.45,0.2705,76.09
8035.0,36.65,0.4235,54.76
8037.0,55.95,0.394,36.05
8039.0,19.47,0.3455,73.52
8041.0,33.77,0.489,56.34
8043.0,24.1,0.346,68.85
8045.0,42.55,0.3845,49.64
8047.0,45.71,0.523,43.76
8049.0,38.98,0.424,52.47
8051.0,54.5,0.525,34.94
8053.0,33.44,0.446,57.55
8055.0,43.23,0.3485,49.7
8057.0,19.83,0.364,72.85
8059.0,49.06,0.4375,42.07
8061.0,10.66,0.209,85.11
8063.0,14.55,0.2625,80.09
8065.0,50.39,0.4875,39.81
8067.0,49.8,0.474,40.59
8069.0,47.53,0.4875,42.61
8071.0,39.05,0.31,54.62
8073.0,16.61,0.268,77.97
8075.0,18.99,0.3005,74.95
8077.0,27.99,0.383,64.27
8079.0,36.34,0.543,52.76
8081.0,13.42,0.2605,81.3
8083.0,30.85,0.394,61.16
8085.0,25.8,0.3095,67.88
8087.0,26.31,0.2715,68.16
8089.0,34.12,0.3225,59.3
8091.0,51.41,0.3945,40.67
8093.0,32.7,0.404,59.08
8095.0,18.69,0.223,76.8
8097.0,69.69,0.296,24.28
8099.0,23.56,0.2975,70.47
8101.0,46.48,0.363,46.15
8103.0,12.6,0.317,80.96
8105.0,36.16,0.4,55.75
8107.0,54.36,0.4085,37.38
8109.0,49.68,0.464,40.96
8111.0,52.37,0.2555,42.49
8113.0,68.66,0.3695,23.89
8115.0,19.57,0.2975,74.41
8117.0,59.16,0.46,31.52
8119.0,24.97,0.375,67.45
8121.0,10.67,0.246,84.34
8123.0,34.28,0.4445,56.71
8125.0,15.03,0.221,80.51
9001.0,58.0,2.05,38.0
9003.0,58.9,2.25,36.6
9005.0,40.8,2.3,54.6
9007.0,51.2,2.4,43.9
9009.0,54.1,1.9,42.1
9011.0,50.4,2.9,43.8
9013.0,50.6,3.1,43.2
9015.0,43.0,3.15,50.7
10001.0,44.9,2.635,49.81
10003.0,62.3,2.495,32.7
10005.0,37.16,1.83,59.16
11001.0,90.9,2.55,4.0
12001.0,58.96,1.1425,36.44
12003.0,16.71,0.445,81.47
12005.0,24.88,0.985,71.15
12007.0,24.16,0.535,73.67
12009.0,38.02,1.0425,57.77
12011.0,66.47,0.5225,31.41
12013.0,20.37,0.755,76.59
12015.0,34.69,0.6975,62.49
12017.0,28.6,0.7625,68.32
12019.0,26.1,0.8625,70.41
12021.0,35.74,0.62,61.75
12023.0,26.48,0.64,70.94
12027.0,34.95,0.59,62.67
12029.0,17.63,0.375,80.83
12031.0,47.49,0.875,48.99
12033.0,37.67,1.005,58.28
12035.0,38.29,0.7025,58.87
12037.0,28.95,0.6025,68.61
12039.0,67.91,0.41,30.44
12041.0,17.3,0.6525,80.06
12043.0,29.18,0.5,68.79
12045.0,23.56,0.8325,73.08
12047.0,34.83,0.515,63.08
12049.0,28.33,0.6275,69.13
12051.0,41.5,0.68,55.75
12053.0,33.89,0.8025,62.87
12055.0,32.68,0.64,64.72
12057.0,51.49,0.95,44.68
12059.0,10.01,0.5175,87.89
12061.0,36.29,0.725,60.78
12063.0,30.39,0.4525,67.77
12065.0,46.28,0.5625,51.43
12067.0,15.25,0.475,82.81
12069.0,36.84,0.7925,59.97
12071.0,38.28,0.755,58.66
12073.0,60.51,1.0175,35.39
12075.0,26.28,0.6625,71.03
12077.0,19.75,0.77,77.14
12079.0,41.46,0.37,57.02
12081.0,39.8,0.8025,56.95
12083.0,35.5,0.6825,61.73
12085.0,35.17,0.6975,62.02
12086.0,63.65,0.555,34.09
12087.0,44.65,0.9375,51.57
12089.0,23.31,0.7825,73.53
12091.0,23.55,1.275,71.31
12093.0,28.99,0.61,68.52
12095.0,60.38,0.9625,35.74
12097.0,60.92,0.7875,35.89
12099.0,56.51,0.5675,41.19
12101.0,37.37,0.915,58.94
12103.0,47.47,0.985,48.57
12105.0,41.28,0.825,55.39
12107.0,30.38,0.655,66.98
12109.0,31.55,0.8625,64.98
12111.0,47.47,0.6475,49.91
12113.0,21.04,1.1125,74.48
12115.0,42.74,0.73,54.3
12117.0,47.06,1.0525,48.69
12119.0,29.52,0.4175,68.78
12121.0,21.17,0.5825,76.47
12123.0,23.15,0.5525,74.6
12125.0,17.81,0.49,80.22
12127.0,41.79,0.8325,54.84
12129.0,28.33,0.7925,68.47
12131.0,20.44,0.74,76.56
12133.0,20.28,0.5625,77.44
13001.0,20.47,1.09,78.42
13003.0,26.72,1.34,71.92
13005.0,15.13,1.17,83.69
13007.0,45.13,1.04,53.81
13009.0,49.54,2.6,47.84
13011.0,9.84,1.9,88.25
13013.0,22.82,3.96,73.21
13015.0,20.89,3.0,76.09
13017.0,35.42,1.53,63.04
13019.0,15.86,1.73,82.4
13021.0,58.94,2.32,38.72
13023.0,22.17,2.49,75.33
13025.0,9.84,1.67,88.48
13027.0,39.94,1.35,58.69
13029.0,26.62,3.58,69.79
13031.0,36.48,3.57,59.93
13033.0,50.58,1.37,48.03
13035.0,27.07,2.04,70.87
13037.0,58.23,0.79,40.97
13039.0,31.41,3.31,65.26
13043.0,27.22,1.94,70.82
13045.0,28.39,3.06,68.54
13047.0,17.98,3.32,78.68
13049.0,25.04,1.34,73.6
13051.0,55.65,3.17,41.17
13053.0,42.84,3.25,53.9
13055.0,19.54,2.14,78.3
13057.0,22.74,4.52,72.73
13059.0,66.74,4.55,28.69
13061.0,54.83,0.62,44.53
13063.0,85.06,1.77,13.15
13065.0,28.03,1.39,70.56
13067.0,48.83,4.41,46.74
13069.0,29.43,1.66,68.9
13071.0,25.45,1.76,72.77
13073.0,29.38,3.53,67.08
13075.0,29.01,1.83,69.14
13077.0,27.02,3.63,69.33
13079.0,27.51,2.05,70.42
13081.0,37.79,1.68,60.52
13083.0,15.46,3.62,80.9
13085.0,12.36,3.04,84.58
13087.0,40.08,1.22,58.69
13089.0,80.82,3.11,16.06
13091.0,26.24,1.97,71.77
13093.0,48.48,0.91,50.59
13095.0,68.45,1.39,30.14
13097.0,53.98,2.77,43.23
13099.0,45.27,1.35,53.36
13101.0,13.27,1.1,85.61
13103.0,20.73,2.9,76.36
13105.0,31.68,1.71,66.59
13107.0,31.04,0.95,68.0
13109.0,31.37,1.88,66.74
13111.0,16.32,1.88,81.79
13113.0,38.5,3.47,58.01
13115.0,26.64,3.14,70.2
13117.0,24.07,4.19,71.72
13119.0,14.66,2.08,83.24
13121.0,69.22,3.66,27.1
13123.0,15.37,2.3,82.31
13125.0,9.92,1.22,88.84
13127.0,34.48,2.41,63.1
13129.0,16.84,2.66,80.48
13131.0,32.7,1.46,65.82
13133.0,36.16,1.68,62.14
13135.0,50.95,3.82,45.21
13137.0,15.39,2.85,81.74
13139.0,23.03,3.27,73.68
13141.0,75.44,1.0,23.54
13143.0,13.02,2.33,84.64
13145.0,24.9,2.31,72.78
13147.0,25.63,2.07,72.29
13149.0,17.66,2.21,80.12
13151.0,50.9,2.54,46.55
13153.0,37.71,2.93,59.35
13155.0,24.32,1.58,74.09
13157.0,16.51,3.08,80.4
13159.0,25.66,1.97,72.35
13161.0,17.7,1.68,80.6
13163.0,54.93,0.98,44.08
13165.0,36.51,1.12,62.35
13167.0,30.85,0.73,68.41
13169.0,31.61,2.07,66.3
13171.0,29.92,1.65,68.42
13173.0,28.13,2.51,69.34
13175.0,34.64,1.59,63.76
13177.0,22.44,2.11,75.43
13179.0,59.26,2.64,38.08
13181.0,31.0,1.7,67.29
13183.0,33.0,3.16,63.83
13185.0,39.69,2.42,57.88
13187.0,17.98,4.01,78.0
13189.0,39.91,1.47,58.61
13191.0,38.99,1.91,59.08
13193.0,63.09,0.97,35.92
13195.0,20.28,2.73,76.97
13197.0,38.1,1.53,60.35
13199.0,41.38,1.79,56.81
13201.0,24.48,1.18,74.33
13205.0,44.44,1.18,54.37
13207.0,28.16,2.24,69.59
13209.0,23.79,1.26,74.94
13211.0,28.17,2.31,69.51
13213.0,14.48,2.27,83.23
13215.0,57.96,2.65,39.37
13217.0,50.09,2.15,47.74
13219.0,27.6,4.68,67.7
13221.0,27.5,2.99,69.5
13223.0,27.86,3.02,69.11
13225.0,47.5,1.97,50.51
13227.0,14.13,2.53,83.32
13229.0,12.37,1.27,86.35
13231.0,14.28,1.87,83.83
13233.0,20.22,2.04,77.73
13235.0,30.68,1.61,67.7
13237.0,29.1,1.8,69.09
13239.0,44.15,0.76,55.07
13241.0,18.15,2.75,79.09
13243.0,55.16,0.96,43.86
13245.0,64.98,2.4,32.6
13247.0,61.73,2.44,35.81
13249.0,21.0,1.88,77.1
13251.0,40.35,1.64,57.99
13253.0,33.15,1.34,65.5
13255.0,36.03,3.68,60.27
13257.0,18.8,2.48,78.7
13259.0,59.42,1.36,39.21
13261.0,50.3,1.62,48.07
13263.0,61.7,1.41,36.87
13265.0,60.75,0.33,38.9
13267.0,24.39,1.58,74.02
13269.0,38.06,1.32,60.61
13271.0,34.6,0.84,64.54
13273.0,54.24,0.95,44.79
13275.0,38.1,1.95,59.93
13277.0,30.41,1.75,67.83
13279.0,25.66,1.73,72.59
13281.0,17.93,2.12,79.94
13283.0,31.85,1.18,66.96
13285.0,37.2,2.14,60.64
13287.0,36.66,1.56,61.76
13289.0,48.6,1.2,50.18
13291.0,16.29,1.89,81.8
13293.0,31.77,1.51,66.71
13295.0,17.59,3.29,79.1
13297.0,20.47,2.6,76.91
13299.0,28.27,1.69,70.02
13301.0,56.3,1.2,42.49
13303.0,49.71,1.15,49.13
13305.0,19.65,1.83,78.51
13307.0,42.28,1.16,56.55
13309.0,30.73,1.66,67.6
13311.0,14.2,2.95,82.83
13313.0,26.1,3.03,70.85
13315.0,28.65,0.84,70.5
13317.0,41.25,1.27,57.47
13319.0,44.27,1.19,54.53
13321.0,24.37,1.29,74.32
15001.0,63.63,3.09666666667,27.05
15003.0,61.57,2.24666666667,31.66
15007.0,62.48,2.91,28.76
15009.0,64.53,3.07,26.23
16001.0,38.69,2.22333333333,47.93
16003.0,19.01,1.615,71.27
16005.0,30.95,2.93,51.42
16007.0,8.7,2.67166666667,75.23
16009.0,18.6,1.23166666667,73.97
16011.0,17.58,2.795,65.6
16013.0,59.83,1.49833333333,31.14
16015.0,20.38,1.57666666667,70.12
16017.0,30.56,1.43833333333,60.77
16019.0,20.19,3.23166666667,60.38
16021.0,18.11,1.38,73.57
16023.0,13.0,2.10833333333,74.3
16025.0,18.36,2.19333333333,68.44
16027.0,23.16,1.97833333333,64.93
16029.0,8.92,2.68,74.95
16031.0,12.66,2.42833333333,72.74
16033.0,15.54,2.11666666667,71.73
16035.0,18.52,1.07,75.03
16037.0,17.69,1.43833333333,73.64
16039.0,21.29,1.73333333333,68.27
16041.0,7.0,3.67166666667,70.94
16043.0,11.39,2.83333333333,71.59
16045.0,15.45,1.55166666667,75.2
16047.0,17.91,1.65666666667,72.1
16049.0,14.54,1.18333333333,78.32
16051.0,8.5,2.985,73.54
16053.0,19.84,1.875,68.87
16055.0,24.53,1.395,67.05
16057.0,44.59,2.56666666667,39.98
16059.0,18.01,1.32333333333,74.01
16061.0,16.98,1.23,75.59
16063.0,20.59,1.93833333333,67.73
16065.0,7.65,5.88666666667,56.99
16067.0,16.98,1.97333333333,71.13
16069.0,28.07,1.61333333333,62.22
16071.0,8.89,2.84,74.03
16073.0,15.07,1.175,77.85
16075.0,15.64,1.47166666667,75.5
16077.0,25.34,2.36833333333,60.4
16079.0,27.03,1.42166666667,64.39
16081.0,43.43,2.17166666667,43.51
16083.0,21.45,2.07833333333,66.04
16085.0,35.76,1.64666666667,54.32
16087.0,17.42,1.47333333333,73.7
17001.0,24.02,2.21,71.55
17003.0,44.75,1.095,53.04
17005.0,27.68,3.425,65.45
17007.0,39.6,3.07,54.24
17009.0,20.33,1.815,76.02
17011.0,36.86,3.15,56.82
17013.0,28.91,1.91,67.25
17015.0,33.13,3.32,60.21
17017.0,31.99,2.18,63.63
17019.0,55.71,3.505,37.26
17021.0,26.0,2.63,68.72
17023.0,23.95,2.08,71.87
17025.0,16.15,2.025,79.78
17027.0,22.81,2.7,71.77
17029.0,33.75,3.03,60.17
17031.0,74.37,2.095,21.41
17033.0,23.14,2.295,72.24
17035.0,18.64,2.58,76.18
17037.0,47.75,3.76,44.71
17041.0,24.05,2.765,70.4
17043.0,53.88,3.15,39.8
17045.0,22.84,2.38,72.38
17047.0,13.04,1.55,83.84
17049.0,17.62,2.13,78.1
17051.0,19.06,1.77,77.38
17053.0,22.42,3.215,71.14
17055.0,25.41,1.94,70.69
17057.0,39.19,3.23,54.34
17059.0,24.37,1.725,72.16
17061.0,21.68,1.81,74.68
17063.0,35.03,3.17,58.61
17065.0,19.3,1.66,77.35
17067.0,22.3,2.305,73.07
17069.0,19.64,1.495,77.35
17071.0,33.07,2.525,61.86
17073.0,36.46,2.955,57.61
17075.0,19.31,2.7,75.27
17077.0,47.4,4.075,44.42
17079.0,18.1,2.02,77.84
17081.0,26.21,2.16,69.45
17083.0,24.5,2.285,70.92
17087.0,18.86,1.975,77.18
17089.0,51.36,3.1,42.42
17091.0,40.61,2.75,53.87
17093.0,46.03,3.21,47.52
17095.0,45.25,3.11,48.52
17097.0,57.28,2.855,36.99
17099.0,39.78,2.99,54.22
17101.0,21.32,1.93,74.79
17103.0,36.14,3.67,56.5
17105.0,26.53,2.955,67.54
17107.0,27.21,2.725,67.32
17109.0,40.88,3.26,52.58
17111.0,42.68,3.28,50.74
17113.0,45.46,3.795,46.94
17115.0,38.51,2.42,56.64
17117.0,29.85,2.635,64.86
17119.0,39.35,2.84,54.96
17121.0,25.48,2.08,70.34
17123.0,30.22,2.9,63.96
17125.0,31.21,2.9,62.97
17127.0,23.44,1.76,73.02
17129.0,28.14,2.995,65.85
17131.0,36.36,3.3,57.02
17133.0,28.95,2.45,66.13
17135.0,27.2,2.81,67.16
17137.0,32.12,2.92,62.02
17139.0,23.77,2.25,71.71
17141.0,33.72,3.0,60.27
17143.0,48.32,3.05,45.56
17145.0,25.06,2.35,70.22
17147.0,29.58,3.605,63.18
17149.0,18.93,1.985,77.08
17151.0,17.54,1.87,78.7
17153.0,33.03,1.47,64.01
17155.0,37.15,2.775,57.28
17157.0,24.37,2.2,71.2
17159.0,20.69,2.06,75.17
17161.0,51.22,2.97,42.82
17163.0,50.48,2.315,44.86
17165.0,22.7,1.93,73.41
17167.0,42.22,3.06,51.64
17169.0,28.32,2.57,66.53
17171.0,20.44,1.74,76.07
17173.0,20.88,1.94,75.22
17175.0,27.63,3.355,65.64
17177.0,38.57,2.94,55.54
17179.0,32.46,3.275,60.96
17181.0,28.05,2.02,67.88
17183.0,33.14,2.245,62.35
17185.0,21.21,2.0,74.76
17187.0,38.74,2.915,55.41
17189.0,19.6,2.46,75.46
17191.0,12.69,1.48,84.33
17193.0,19.37,1.625,77.36
17195.0,43.65,3.18,49.96
17197.0,50.24,2.58,44.57
17199.0,27.17,2.19,68.43
17201.0,46.53,2.875,47.7
17203.0,26.13,2.935,67.97
18001.0,21.48,4.56,73.94
18003.0,37.87,4.63,57.48
18005.0,30.38,5.9,63.71
18007.0,23.53,5.88,70.58
18009.0,25.77,4.76,69.45
18011.0,31.75,6.94,61.3
18013.0,31.84,4.74,63.41
18015.0,21.96,5.16,72.86
18017.0,26.58,4.81,68.6
18019.0,36.77,4.5,58.72
18021.0,20.48,3.77,75.74
18023.0,23.69,4.59,71.7
18025.0,28.81,5.55,65.62
18027.0,16.76,3.64,79.59
18029.0,20.42,3.83,75.74
18031.0,19.11,4.38,76.5
18033.0,23.43,4.88,71.68
18035.0,40.49,5.32,54.17
18037.0,27.05,5.83,67.1
18039.0,31.7,4.15,64.13
18041.0,23.63,4.6,71.76
18043.0,37.44,4.99,57.56
18045.0,19.74,4.5,75.74
18047.0,17.89,3.25,78.84
18049.0,23.4,4.82,71.76
18051.0,24.04,4.34,71.6
18053.0,27.84,4.75,67.39
18055.0,21.28,4.06,74.65
18057.0,37.24,5.93,56.82
18059.0,24.7,5.76,69.53
18061.0,25.77,4.09,70.12
18063.0,30.02,5.76,64.21
18065.0,25.52,5.26,69.21
18067.0,30.51,5.07,64.41
18069.0,21.94,5.12,72.92
18071.0,21.91,4.74,73.33
18073.0,24.97,4.65,70.37
18075.0,23.72,4.72,71.55
18077.0,32.12,4.44,63.42
18079.0,21.26,4.75,73.97
18081.0,26.14,5.21,68.63
18083.0,24.36,4.09,71.54
18085.0,19.77,5.28,74.93
18087.0,21.77,4.67,73.54
18089.0,58.37,3.88,37.73
18091.0,43.99,5.6,50.4
18093.0,22.06,4.36,73.56
18095.0,34.65,5.01,60.33
18097.0,58.9,5.03,36.06
18099.0,26.64,5.13,68.22
18101.0,18.32,4.8,76.86
18103.0,20.58,5.2,74.21
18105.0,59.32,5.05,35.62
18107.0,22.26,4.55,73.18
18109.0,19.36,4.72,75.91
18111.0,24.22,5.42,70.35
18113.0,23.11,4.66,72.22
18115.0,23.51,3.87,72.6
18117.0,25.0,4.16,70.82
18119.0,22.84,4.96,72.19
18121.0,21.91,4.13,73.95
18123.0,38.15,5.07,56.77
18125.0,21.69,4.71,73.58
18127.0,43.83,5.54,50.61
18129.0,28.23,4.33,67.42
18131.0,24.4,4.7,70.88
18133.0,22.86,4.67,72.45
18135.0,23.39,4.73,71.87
18137.0,19.31,4.01,76.66
18139.0,21.13,5.5,73.35
18141.0,47.73,4.73,47.52
18143.0,29.16,3.79,67.04
18145.0,23.67,5.4,70.91
18147.0,28.72,5.28,65.99
18149.0,26.97,4.01,69.01
18151.0,25.74,4.55,69.69
18153.0,24.68,3.59,71.71
18155.0,25.55,4.14,70.29
18157.0,43.94,6.45,49.6
18159.0,21.13,4.44,74.42
18161.0,21.75,3.83,74.4
18163.0,39.32,4.5,56.17
18165.0,30.1,4.64,65.25
18167.0,40.23,4.35,55.4
18169.0,22.49,4.3,73.19
18171.0,21.4,4.69,73.89
18173.0,30.68,4.69,64.61
18175.0,23.25,4.33,72.4
18177.0,32.53,4.78,62.67
18179.0,19.69,4.1,76.19
18181.0,25.88,5.31,68.8
18183.0,21.75,5.14,73.1
19001.0,29.98,0.58,65.33
19003.0,27.13,0.73875,66.9
19005.0,35.23,0.64625,59.55
19007.0,29.74,0.51375,66.12
19009.0,31.93,0.60375,63.18
19011.0,34.12,0.7175,60.08
19013.0,50.62,0.7525,43.31
19015.0,39.45,0.8975,53.33
19017.0,40.06,0.745,53.92
19019.0,39.12,0.81625,54.29
19021.0,34.85,0.65625,59.84
19023.0,29.0,0.6275,65.95
19025.0,27.34,0.58875,67.89
19027.0,31.67,0.5975,63.5
19029.0,27.58,0.6225,67.39
19031.0,38.12,0.70625,56.2
19033.0,43.47,0.66375,51.17
19035.0,27.09,0.64625,67.7
19037.0,35.55,0.7075,58.72
19039.0,33.21,0.66625,61.43
19041.0,26.29,0.61875,68.71
19043.0,35.56,0.755,58.35
19045.0,44.3,0.77625,49.45
19047.0,28.92,0.485,67.15
19049.0,41.63,0.88,51.27
19051.0,25.29,0.5175,70.52
19053.0,32.43,0.69125,62.0
19055.0,32.25,0.70625,62.06
19057.0,43.7,0.7025,50.65
19059.0,29.77,0.54625,65.8
19061.0,46.44,0.72875,47.68
19063.0,28.8,0.60625,66.3
19065.0,37.35,0.705,56.97
19067.0,39.78,0.67875,54.74
19069.0,30.31,0.68875,64.15
19071.0,26.98,0.67875,67.55
19073.0,35.44,0.66375,59.19
19075.0,27.29,0.74,66.74
19077.0,30.42,0.7275,63.72
19079.0,35.77,0.69375,58.63
19081.0,27.2,0.555,68.3
19083.0,32.93,0.615,62.1
19085.0,28.77,0.61125,66.3
19087.0,31.19,0.8375,62.07
19089.0,37.14,0.6125,57.93
19091.0,24.85,0.53375,70.81
19093.0,22.06,0.49375,73.95
19095.0,34.93,0.74375,59.08
19097.0,37.6,0.66125,57.04
19099.0,37.85,0.735,56.22
19101.0,46.26,0.8725,46.71
19103.0,66.02,0.7725,27.75
19105.0,37.74,0.6325,57.11
19107.0,26.03,0.53125,69.67
19109.0,29.73,0.4925,66.27
19111.0,38.97,0.73125,55.13
19113.0,51.0,0.8675,42.02
19115.0,33.23,0.60375,61.9
19117.0,28.76,0.5425,66.86
19119.0,14.47,0.4525,81.88
19121.0,31.28,0.76,62.6
19123.0,24.83,0.57375,70.55
19125.0,31.15,0.80875,62.32
19127.0,43.06,0.6675,51.55
19129.0,27.33,0.78125,66.37
19131.0,35.05,0.69625,59.32
19133.0,27.49,0.45375,68.83
19135.0,27.39,0.5025,68.54
19137.0,26.25,0.6375,68.64
19139.0,43.4,0.8175,50.03
19141.0,17.88,0.5025,78.04
19143.0,17.26,0.455,79.07
19145.0,25.84,0.52125,69.96
19147.0,29.84,0.53,65.87
19149.0,22.04,0.49125,73.97
19151.0,25.11,0.5725,70.26
19153.0,52.39,0.83375,40.89
19155.0,36.33,0.71875,57.88
19157.0,44.07,0.62125,50.92
19159.0,28.05,0.5125,67.8
19161.0,24.6,0.4725,71.57
19163.0,47.48,0.8025,46.04
19165.0,26.29,0.555,69.21
19167.0,12.72,0.64875,82.05
19169.0,51.28,1.20125,39.07
19171.0,36.98,0.68125,57.52
19173.0,25.14,0.5775,70.19
19175.0,33.28,0.705,61.04
19177.0,23.9,0.55875,71.58
19179.0,37.28,0.575,58.08
19181.0,38.53,0.81875,54.88
19183.0,36.38,0.82125,57.0
19185.0,24.61,0.56625,70.83
19187.0,36.5,0.645,58.29
19189.0,33.58,0.78125,60.11
19191.0,46.69,0.7175,47.53
19193.0,37.5,0.63625,57.36
19195.0,36.12,0.73625,57.94
19197.0,31.77,0.56125,63.7
20001.0,26.3,3.205,67.27
20003.0,20.29,3.445,72.81
20005.0,30.43,3.67,62.2
20007.0,12.72,2.395,82.48
20009.0,18.07,2.465,76.98
20011.0,22.06,2.515,72.89
20013.0,21.46,3.135,72.24
20015.0,23.98,3.29,69.42
20017.0,23.32,2.415,71.83
20019.0,12.79,1.54,84.11
20021.0,23.36,2.44,71.75
20023.0,13.34,1.73,83.17
20025.0,12.0,2.64,82.7
20027.0,17.84,3.095,75.95
20029.0,19.42,3.01,74.54
20031.0,18.14,3.185,75.46
20033.0,11.9,2.91,82.26
20035.0,28.23,2.945,65.86
20037.0,35.15,3.28,58.27
20039.0,12.19,2.115,83.56
20041.0,19.75,3.245,73.73
20043.0,17.34,2.685,77.27
20045.0,62.38,3.97,29.66
20047.0,15.9,2.555,78.97
20049.0,12.7,2.02,83.24
20051.0,22.89,2.91,71.27
20053.0,19.61,3.38,73.61
20055.0,30.89,2.92,63.25
20057.0,27.36,2.68,67.25
20059.0,26.54,3.77,65.91
20061.0,36.03,3.11,57.73
20063.0,11.21,1.955,84.86
20065.0,14.62,2.645,80.07
20067.0,18.47,2.79,75.94
20069.0,12.77,2.56,82.09
20071.0,12.98,2.58,81.84
20073.0,17.21,3.215,76.34
20075.0,13.45,2.535,81.46
20077.0,15.43,3.475,77.59
20079.0,34.42,3.54,58.48
20081.0,17.53,2.34,77.76
20083.0,12.32,1.835,83.99
20085.0,25.99,3.05,67.88
20087.0,30.46,3.41,62.71
20089.0,12.13,3.33,81.18
20091.0,45.15,3.485,47.86
20093.0,16.9,1.995,79.09
20095.0,18.1,2.74,76.4
20097.0,10.85,2.78,83.57
20099.0,28.21,2.855,66.06
20101.0,12.51,2.585,82.31
20103.0,33.91,3.745,58.58
20105.0,14.77,2.275,80.66
20107.0,16.84,2.11,78.92
20109.0,11.05,2.775,83.38
20111.0,37.93,3.975,54.09
20113.0,25.58,3.42,67.56
20115.0,21.53,3.29,71.87
20117.0,23.15,2.925,70.99
20119.0,12.29,2.355,82.98
20121.0,26.84,3.135,66.87
20123.0,16.6,2.455,78.47
20125.0,21.99,2.575,72.83
20127.0,22.81,3.735,69.7
20129.0,12.5,1.935,83.62
20131.0,14.2,2.435,80.91
20133.0,23.8,2.815,70.55
20135.0,11.14,2.05,84.73
20137.0,12.64,2.39,82.55
20139.0,25.09,3.265,68.36
20141.0,13.17,2.42,81.97
20143.0,14.79,3.15,78.89
20145.0,21.79,3.125,71.94
20147.0,11.33,2.2,84.25
20149.0,21.15,3.455,71.92
20151.0,20.2,2.795,74.19
20153.0,11.04,2.725,83.49
20155.0,28.44,3.575,64.39
20157.0,14.89,2.435,80.23
20159.0,18.72,3.46,74.34
20161.0,43.42,4.305,47.94
20163.0,11.48,2.22,84.06
20165.0,15.4,2.37,79.85
20167.0,14.42,2.375,80.81
20169.0,28.68,4.13,63.03
20171.0,10.74,2.195,84.85
20173.0,36.91,3.515,56.05
20175.0,31.43,2.385,63.77
20177.0,45.17,3.41,47.99
20179.0,9.25,1.835,87.07
20181.0,13.4,3.03,80.52
20183.0,14.64,2.08,81.18
20185.0,16.08,2.545,78.82
20187.0,17.78,2.015,78.16
20189.0,11.6,1.99,84.4
20191.0,21.47,3.21,72.08
20193.0,13.4,2.635,81.3
20195.0,13.22,1.88,83.0
20197.0,23.14,3.125,70.59
20199.0,5.77,1.47,91.27
20201.0,14.12,3.04,79.79
20203.0,14.88,1.6,81.9
20205.0,15.79,2.65,78.89
20207.0,19.01,3.06,74.85
20209.0,61.82,2.735,32.69
21001.0,16.07,0.8175,80.63
21003.0,16.67,0.845,79.91
21005.0,23.06,1.1875,72.17
21007.0,19.89,0.75,77.07
21009.0,23.12,0.9775,72.94
21011.0,29.69,0.76,67.24
21013.0,17.69,0.6,79.89
21015.0,26.1,1.5,67.88
21017.0,31.73,1.2325,63.32
21019.0,29.43,1.025,66.44
21021.0,33.08,1.1875,62.14
21023.0,19.98,0.7825,76.86
21025.0,26.8,0.9,69.59
21027.0,22.34,0.9275,73.92
21029.0,22.89,1.0975,72.69
21031.0,16.98,0.895,79.41
21033.0,21.08,0.8675,75.43
21035.0,29.59,1.4425,64.61
21037.0,34.49,1.6325,58.95
21039.0,16.6,0.7175,80.5
21041.0,28.69,1.04,67.13
21043.0,22.15,0.995,73.84
21045.0,11.91,0.7325,85.13
21047.0,32.54,0.8875,63.88
21049.0,29.04,1.2075,66.1
21051.0,11.11,0.5575,86.63
21053.0,12.27,0.565,85.44
21055.0,15.28,0.8025,81.49
21057.0,14.97,0.85,81.6
21059.0,30.93,1.475,63.14
21061.0,18.67,0.6,78.89
21063.0,25.91,1.0025,70.05
21065.0,19.98,0.9025,76.39
21067.0,51.21,1.75,41.75
21069.0,21.54,0.7425,75.46
21071.0,24.27,0.7975,72.5
21073.0,44.91,1.38,49.53
21075.0,32.49,0.615,65.02
21077.0,22.44,1.0775,73.2
21079.0,19.07,0.855,77.49
21081.0,19.98,0.985,76.05
21083.0,19.93,0.92,76.36
21085.0,18.53,0.925,77.74
21087.0,15.6,0.6,81.98
21089.0,25.47,0.8875,70.95
21091.0,28.97,1.515,64.94
21093.0,32.32,1.285,62.51
21095.0,12.75,0.5925,84.86
21097.0,26.1,1.005,69.85
21099.0,23.81,0.7275,73.24
21101.0,34.03,1.06,61.7
21103.0,25.58,1.3025,69.19
21105.0,20.81,0.5875,76.81
21107.0,21.18,0.92,75.1
21109.0,8.76,0.5825,88.89
21111.0,54.06,1.295,40.73
21113.0,26.36,1.805,66.39
21115.0,13.05,0.7225,84.02
21117.0,33.65,1.6525,59.7
21119.0,21.6,0.6925,75.6
21121.0,14.66,0.7575,82.29
21123.0,20.07,1.1325,75.37
21125.0,13.85,0.7925,82.95
21127.0,17.29,0.745,79.7
21129.0,16.64,0.67,80.65
21131.0,8.9,0.425,89.38
21133.0,16.88,0.8125,79.84
21135.0,14.81,0.705,82.35
21137.0,19.5,0.9325,76.74
21139.0,19.1,0.9975,76.88
21141.0,25.27,0.835,71.36
21143.0,26.38,0.795,70.41
21145.0,29.18,1.105,66.38
21147.0,11.49,0.4275,86.77
21149.0,21.63,1.075,74.04
21151.0,31.58,1.4075,62.75
21153.0,22.9,0.5825,74.74
21155.0,33.03,0.945,63.16
21157.0,22.0,1.035,73.83
21159.0,9.18,0.545,88.61
21161.0,27.3,1.04,68.51
21163.0,24.74,1.105,70.81
21165.0,25.17,0.625,72.3
21167.0,22.62,1.055,73.12
21169.0,21.13,0.8175,75.57
21171.0,12.04,0.56,85.71
21173.0,27.59,0.935,68.64
21175.0,21.09,0.71,76.05
21177.0,25.06,0.74,71.95
21179.0,30.97,1.09,64.65
21181.0,27.71,0.8375,68.9
21183.0,20.0,0.9,76.38
21185.0,31.25,1.605,62.3
21187.0,21.24,0.96,74.91
21189.0,14.55,0.41,83.79
21191.0,19.37,0.9875,76.64
21193.0,20.2,0.65,77.16
21195.0,17.35,0.635,80.08
21197.0,25.66,0.865,70.86
21199.0,15.01,0.82,81.68
21201.0,21.91,0.785,74.92
21203.0,13.68,0.6075,83.86
21205.0,37.26,1.05,58.51
21207.0,13.37,0.6625,83.96
21209.0,31.9,1.455,62.25
21211.0,30.5,1.3325,64.14
21213.0,28.47,1.0175,67.43
21215.0,20.19,1.0375,75.64
21217.0,22.58,0.9475,73.6
21219.0,21.82,0.625,75.65
21221.0,23.52,0.8475,73.06
21223.0,23.2,0.905,73.15
21225.0,21.42,0.7175,75.68
21227.0,35.02,1.44,59.19
21229.0,25.22,0.87,71.27
21231.0,17.9,0.59,79.71
21233.0,21.36,0.7175,75.74
21235.0,15.01,0.7,82.15
21237.0,28.57,0.735,68.46
21239.0,36.56,1.665,56.76
22001.0,20.6,1.1,77.3
22003.0,22.8,1.5,74.3
22005.0,30.1,1.9,66.1
22007.0,36.1,1.2,61.6
22009.0,30.4,1.2,67.3
22011.0,15.9,1.45,81.2
22013.0,44.7,0.85,53.6
22015.0,25.4,1.75,71.2
22017.0,50.5,1.6,46.3
22019.0,31.4,1.95,64.7
22021.0,16.8,0.9,81.5
22023.0,8.7,1.55,88.2
22025.0,27.2,0.55,71.6
22027.0,42.3,0.9,55.8
22029.0,36.9,0.7,61.7
22031.0,38.3,1.0,59.8
22033.0,52.3,2.3,43.1
22035.0,62.5,0.7,36.0
22037.0,42.2,1.2,55.5
22039.0,28.3,1.05,69.6
22041.0,27.4,0.8,71.1
22043.0,13.4,1.35,84.0
22045.0,33.0,1.3,64.4
22047.0,51.9,1.25,45.6
22049.0,28.7,1.05,69.3
22051.0,40.5,2.1,55.3
22053.0,21.6,1.45,75.5
22055.0,31.0,2.2,64.6
22057.0,20.2,1.55,76.7
22059.0,9.2,0.95,88.8
22061.0,38.1,2.15,57.7
22063.0,12.0,1.7,84.6
22065.0,58.0,0.65,40.7
22067.0,43.5,0.8,54.9
22069.0,43.0,1.55,54.0
22071.0,80.8,2.25,14.7
22073.0,35.9,1.35,61.4
22075.0,31.7,1.55,65.3
22077.0,40.5,0.9,57.7
22079.0,32.2,1.5,64.8
22081.0,43.8,1.05,54.1
22083.0,32.9,0.8,65.5
22085.0,17.4,1.05,80.5
22087.0,31.4,2.0,64.7
22089.0,32.7,1.9,63.5
22091.0,56.2,0.95,41.9
22093.0,53.1,0.9,45.1
22095.0,61.0,1.25,36.5
22097.0,43.1,1.0,55.0
22099.0,32.1,1.2,65.5
22101.0,35.2,1.0,62.8
22103.0,22.3,2.3,73.1
22105.0,32.2,1.55,64.8
22107.0,52.3,0.65,46.4
22109.0,24.3,1.55,72.7
22111.0,24.7,1.05,73.2
22113.0,18.9,1.4,78.3
22115.0,16.0,1.5,81.0
22117.0,30.6,1.05,67.4
22119.0,34.5,0.95,63.6
22121.0,42.3,1.55,54.5
22123.0,15.0,0.75,83.4
22125.0,38.8,1.35,58.5
22127.0,25.8,0.9,72.3
23001.0,41.5,3.75,50.9
23003.0,38.3,3.1,55.5
23005.0,60.1,3.1,33.7
23007.0,42.7,4.5,48.2
23009.0,50.4,3.45,42.8
23011.0,44.4,3.75,48.1
23013.0,54.0,3.1,39.7
23015.0,47.8,3.4,45.4
23017.0,39.1,4.35,52.1
23019.0,40.9,3.65,51.9
23021.0,33.9,3.55,59.1
23023.0,49.4,3.75,43.1
23025.0,35.0,3.6,57.8
23027.0,46.1,4.0,45.9
23029.0,38.4,3.55,54.6
23031.0,49.0,3.4,44.2
24001.0,23.97,1.995,72.02
24003.0,47.77,2.54,47.13
24005.0,56.54,2.17,39.1
24009.0,38.36,2.41,56.8
24011.0,28.21,2.015,67.75
24013.0,28.64,2.925,65.49
24015.0,29.9,2.45,65.18
24017.0,63.55,1.55,33.33
24019.0,40.58,1.42,56.56
24021.0,45.13,2.865,49.12
24023.0,17.45,1.795,78.95
24025.0,35.26,2.475,59.77
24027.0,64.07,2.66,30.59
24029.0,45.58,2.125,50.16
24031.0,75.86,1.9,20.32
24033.0,89.32,1.155,8.34
24035.0,29.69,2.24,65.81
24037.0,34.94,2.76,59.52
24039.0,39.73,1.3,57.66
24041.0,41.98,2.045,53.91
24043.0,31.6,2.215,63.95
24045.0,42.16,2.015,53.79
24047.0,34.34,1.71,62.21
25001.0,54.0,2.7,40.6
25003.0,67.5,3.25,26.0
25005.0,51.9,2.8,42.6
25007.0,72.9,2.75,21.6
25009.0,58.5,2.75,36.0
25011.0,64.2,4.35,27.2
25013.0,55.1,2.9,39.1
25015.0,66.3,3.4,26.8
25017.0,66.3,2.75,28.2
25019.0,64.7,2.9,29.5
25021.0,61.2,2.7,33.3
25023.0,50.7,2.95,43.4
25025.0,79.5,2.0,16.5
25027.0,51.7,3.5,41.2
26001.0,28.03,0.9925,67.98
26003.0,36.84,1.465,57.27
26005.0,32.51,1.5375,61.3
26007.0,33.2,1.2225,61.88
26009.0,32.77,1.2025,62.4
26011.0,30.01,1.725,63.08
26013.0,33.16,1.23,61.9
26015.0,30.09,1.615,63.42
26017.0,40.88,1.395,53.51
26019.0,40.19,1.3975,54.19
26021.0,41.03,1.295,53.76
26023.0,28.74,1.0925,66.85
26025.0,41.08,1.3325,53.56
26027.0,31.23,1.885,61.19
26029.0,35.26,1.295,59.54
26031.0,31.52,1.2125,63.6
26033.0,34.84,1.5125,59.09
26035.0,31.75,1.1675,63.55
26037.0,40.65,1.4975,53.33
26039.0,30.87,1.3425,63.72
26041.0,34.82,1.245,60.17
26043.0,29.85,1.2075,65.29
26045.0,44.05,1.5875,49.57
26047.0,37.13,1.575,56.54
26049.0,52.38,1.17,42.91
26051.0,30.42,1.1075,65.13
26053.0,39.99,1.2575,54.95
26055.0,40.73,1.4925,53.26
26057.0,34.45,1.3625,60.07
26059.0,24.13,1.2375,70.89
26061.0,38.52,1.805,54.24
26063.0,28.89,1.0025,67.06
26065.0,60.88,1.4675,33.22
26067.0,31.12,1.6875,62.1
26069.0,32.54,1.2325,62.5
26071.0,33.9,0.9725,62.18
26073.0,44.99,1.575,48.68
26075.0,37.07,1.425,57.2
26077.0,53.3,1.54,40.51
26079.0,25.54,1.195,69.65
26081.0,45.24,1.605,48.3
26083.0,36.87,1.53,56.96
26085.0,36.39,1.075,59.29
26087.0,28.21,1.3025,66.56
26089.0,45.9,1.255,49.05
26091.0,36.49,1.475,57.58
26093.0,32.56,1.3075,62.19
26095.0,26.43,1.3425,68.16
26097.0,34.24,1.0725,61.43
26099.0,42.08,1.065,53.63
26101.0,39.52,1.39,54.88
26103.0,48.76,1.675,44.52
26105.0,36.02,1.4825,58.02
26107.0,33.97,1.4775,60.09
26109.0,32.87,1.2075,62.27
26111.0,36.94,1.6725,56.34
26113.0,21.43,1.195,73.77
26115.0,36.24,1.3375,58.37
26117.0,29.65,1.6625,63.66
26119.0,25.67,1.11,69.84
26121.0,47.51,1.4575,46.63
26123.0,27.48,1.345,67.12
26125.0,51.71,1.17,43.59
26127.0,33.37,1.47,60.72
26129.0,29.17,1.2675,65.73
26131.0,34.35,1.28,60.49
26133.0,25.52,1.3075,69.22
26135.0,25.7,1.0725,69.99
26137.0,28.38,1.405,65.97
26139.0,31.82,1.4875,62.2
26141.0,33.26,1.1375,62.17
26143.0,32.88,1.16,62.45
26145.0,47.12,1.145,48.26
26147.0,31.48,1.4,62.91
26149.0,31.68,1.4175,62.63
26151.0,25.32,1.1975,69.87
26153.0,32.98,1.355,61.57
26155.0,36.85,1.6575,56.49
26157.0,28.64,1.185,66.6
26159.0,39.91,1.55,53.86
26161.0,68.38,1.1775,26.88
26163.0,66.81,0.9225,29.48
26165.0,29.03,1.3725,65.44
27001.0,34.12,0.827142857143,60.05
27003.0,41.01,1.17714285714,50.7
27005.0,30.47,0.834285714286,63.66
27007.0,40.75,1.23142857143,50.58
27009.0,28.32,1.0,64.64
27011.0,33.74,1.04714285714,58.88
27013.0,43.38,1.35142857143,47.11
27015.0,27.54,1.24142857143,63.73
27017.0,46.84,1.13428571429,45.18
27019.0,39.03,1.17142857143,52.73
27021.0,31.15,0.852857142857,62.83
27023.0,31.99,1.01285714286,60.88
27025.0,30.92,1.08428571429,61.45
27027.0,44.57,1.26285714286,46.54
27029.0,26.03,0.671428571429,69.23
27031.0,56.9,1.23571428571,34.4
27033.0,29.45,0.847142857143,64.57
27035.0,30.87,0.92,62.66
27037.0,48.21,1.17,43.56
27039.0,29.36,1.25714285714,61.78
27041.0,28.79,0.94,64.58
27043.0,29.27,1.05142857143,63.34
27045.0,35.27,1.07857142857,57.13
27047.0,37.92,0.962857142857,55.29
27049.0,36.98,1.14285714286,54.98
27051.0,31.97,1.17714285714,59.74
27053.0,63.82,1.09142857143,28.5
27055.0,39.41,1.01857142857,53.4
27057.0,30.04,0.9,63.63
27059.0,27.09,1.07857142857,65.31
27061.0,38.11,1.03142857143,54.63
27063.0,27.36,0.915714285714,66.18
27065.0,28.64,0.994285714286,64.36
27067.0,33.56,1.05,59.05
27069.0,34.82,1.15142857143,57.08
27071.0,36.52,0.984285714286,56.53
27073.0,33.92,0.891428571429,59.81
27075.0,47.54,1.01714285714,45.3
27077.0,24.79,0.871428571429,69.05
27079.0,31.09,1.01571428571,61.76
27081.0,28.64,1.00428571429,64.29
27083.0,31.53,1.22857142857,59.82
27085.0,26.64,1.18142857143,65.05
27087.0,44.84,1.05,47.78
27089.0,25.55,1.07142857143,66.91
27091.0,26.1,0.914285714286,67.45
27093.0,26.16,1.05428571429,66.42
27095.0,28.64,0.988571428571,64.41
27097.0,20.74,0.788571428571,73.71
27099.0,42.32,1.06428571429,50.18
27101.0,27.89,1.14571428571,64.06
27103.0,44.02,1.26428571429,47.09
27105.0,31.8,0.925714285714,61.67
27107.0,39.1,1.18428571429,52.56
27109.0,45.74,1.32,44.99
27111.0,28.92,0.881428571429,64.85
27113.0,32.16,1.11714285714,59.96
27115.0,33.36,0.991428571429,59.66
27117.0,23.58,0.935714285714,69.84
27119.0,32.05,0.972857142857,61.08
27121.0,33.46,0.892857142857,60.26
27123.0,65.73,1.13142857143,26.29
27125.0,28.86,1.44571428571,60.98
27127.0,24.94,1.01857142857,67.89
27129.0,27.99,1.04571428571,64.65
27131.0,44.81,1.03571428571,47.89
27133.0,28.56,1.01571428571,64.3
27135.0,23.89,0.841428571429,70.18
27137.0,51.92,1.13285714286,40.11
27139.0,38.31,1.13714285714,53.7
27141.0,27.74,1.06428571429,64.76
27143.0,25.28,1.06571428571,67.2
27145.0,32.37,1.04142857143,60.28
27147.0,32.76,1.19714285714,58.81
27149.0,39.55,1.15285714286,52.33
27151.0,33.79,0.937142857143,59.62
27153.0,23.3,0.804285714286,71.03
27155.0,35.23,0.872857142857,58.62
27157.0,32.86,1.09857142857,59.41
27159.0,24.42,0.767142857143,70.16
27161.0,29.62,1.15,62.29
27163.0,46.96,1.12857142857,45.1
27165.0,36.49,1.11428571429,55.68
27167.0,27.23,1.11571428571,64.92
27169.0,43.96,1.30142857143,46.88
27171.0,29.4,1.14142857143,62.57
27173.0,29.01,0.94,64.38
28001.0,56.7,0.28,42.0
28003.0,18.2,0.38,79.9
28005.0,38.2,0.18,60.9
28007.0,39.3,0.28,59.2
28009.0,42.9,0.2,56.1
28011.0,65.5,0.26,33.1
28013.0,29.7,0.32,68.8
28015.0,30.1,0.18,69.0
28017.0,46.2,0.3,52.3
28019.0,29.8,0.28,68.7
28021.0,85.4,0.12,14.0
28023.0,33.1,0.18,66.0
28025.0,57.2,0.26,41.5
28027.0,71.6,0.22,27.2
28029.0,52.1,0.2,46.8
28031.0,37.2,0.2,61.7
28033.0,31.1,0.6,65.8
28035.0,41.3,0.62,55.5
28037.0,34.9,0.28,63.6
28039.0,10.3,0.34,88.0
28041.0,18.0,0.24,80.9
28043.0,42.0,0.24,56.9
28045.0,19.0,0.58,78.3
28047.0,33.3,0.54,64.0
28049.0,70.9,0.36,27.2
28051.0,82.6,0.22,16.3
28053.0,73.7,0.14,25.7
28055.0,56.5,0.16,42.6
28057.0,11.4,0.34,87.0
28059.0,28.8,0.52,68.6
28061.0,51.6,0.18,47.6
28063.0,86.5,0.16,12.7
28065.0,59.6,0.14,39.5
28067.0,27.4,0.3,71.1
28069.0,60.9,0.14,38.3
28071.0,40.6,0.8,55.4
28073.0,20.9,0.52,76.5
28075.0,37.7,0.32,60.7
28077.0,34.5,0.22,64.3
28079.0,42.4,0.2,56.6
28081.0,30.1,0.38,67.9
28083.0,69.8,0.3,28.8
28085.0,29.3,0.26,69.4
28087.0,45.9,0.38,52.2
28089.0,40.8,0.52,56.8
28091.0,31.2,0.3,67.3
28093.0,54.0,0.32,44.4
28095.0,34.8,0.24,64.0
28097.0,42.6,0.24,56.1
28099.0,25.6,0.3,72.9
28101.0,29.7,0.28,69.0
28103.0,78.2,0.1,21.3
28105.0,48.6,0.78,47.5
28107.0,49.1,0.24,49.6
28109.0,15.5,0.48,82.2
28111.0,22.5,0.3,76.1
28113.0,48.8,0.34,49.6
28115.0,18.0,0.44,79.9
28117.0,20.9,0.32,77.5
28119.0,68.7,0.32,29.8
28121.0,22.4,0.44,75.2
28123.0,40.5,0.28,58.2
28125.0,67.0,0.18,32.1
28127.0,33.9,0.26,64.8
28129.0,21.1,0.22,77.8
28131.0,22.0,0.46,75.5
28133.0,69.7,0.18,29.4
28135.0,56.8,0.24,41.9
28137.0,33.4,0.38,64.8
28139.0,19.8,0.34,78.6
28141.0,11.9,0.5,85.6
28143.0,74.4,0.24,24.3
28145.0,17.3,0.42,80.5
28147.0,41.9,0.2,57.1
28149.0,46.6,0.4,51.5
28151.0,67.6,0.26,31.2
28153.0,36.6,0.18,62.5
28155.0,19.9,0.28,78.6
28157.0,67.7,0.22,31.3
28159.0,43.1,0.28,55.6
28161.0,42.5,0.4,55.6
28163.0,52.8,0.22,46.2
29001.0,34.47,2.04666666667,59.37
29003.0,22.37,1.56333333333,72.92
29005.0,19.86,1.5,75.61
29007.0,25.56,1.63666666667,69.51
29009.0,18.55,1.06333333333,78.24
29011.0,13.4,1.00333333333,83.58
29013.0,20.15,1.67333333333,74.8
29015.0,21.11,1.20666666667,75.25
29017.0,12.43,0.803333333333,85.14
29019.0,49.29,2.43333333333,43.38
29021.0,33.77,2.09333333333,59.93
29023.0,17.61,1.05666666667,79.19
29025.0,19.42,1.86,74.98
29027.0,26.07,1.89,68.23
29029.0,21.21,1.13,75.38
29031.0,22.96,1.32,73.05
29033.0,17.08,1.03333333333,79.79
29035.0,15.34,0.97,81.73
29037.0,29.21,1.89666666667,65.08
29039.0,16.08,1.31666666667,79.94
29041.0,22.41,1.05333333333,74.4
29043.0,20.54,1.56333333333,74.74
29045.0,21.83,1.34333333333,74.12
29047.0,41.36,2.04666666667,52.48
29049.0,25.22,1.84666666667,69.21
29051.0,29.27,1.55333333333,66.04
29053.0,24.22,1.75333333333,70.49
29055.0,18.38,1.24333333333,77.86
29057.0,16.12,1.09,80.58
29059.0,17.08,1.22,79.23
29061.0,19.78,1.76333333333,74.89
29063.0,17.95,1.63666666667,77.12
29065.0,14.42,0.983333333333,82.6
29067.0,14.76,0.966666666667,82.32
29069.0,22.31,0.59,75.9
29071.0,24.65,1.52,70.77
29073.0,20.4,1.13666666667,76.16
29075.0,19.94,1.36,75.96
29077.0,33.22,2.04,60.64
29079.0,17.67,1.28666666667,78.45
29081.0,15.58,1.29,80.52
29083.0,23.9,1.43666666667,71.76
29085.0,21.53,1.13666666667,75.02
29087.0,14.73,1.07666666667,82.02
29089.0,26.36,2.02,67.55
29091.0,16.53,1.23666666667,79.74
29093.0,21.9,1.2,74.48
29095.0,55.67,1.76,39.03
29097.0,21.92,1.76333333333,72.76
29099.0,29.76,1.71,65.08
29101.0,28.09,2.30333333333,64.97
29103.0,20.29,1.33333333333,75.68
29105.0,15.93,1.21,80.41
29107.0,25.58,1.66333333333,69.4
29109.0,17.38,1.38,78.46
29111.0,20.95,1.31333333333,75.08
29113.0,22.37,1.58666666667,72.86
29115.0,22.23,1.48333333333,73.29
29117.0,19.74,1.37,76.13
29119.0,16.14,1.23,80.15
29121.0,20.02,1.17,76.44
29123.0,18.89,1.32,77.13
29125.0,17.65,1.07,79.12
29127.0,23.19,1.26,72.99
29129.0,12.42,0.706666666667,85.45
29131.0,15.33,1.1,81.34
29133.0,28.22,0.686666666667,69.69
29135.0,18.16,1.11,78.49
29137.0,20.56,1.08,76.17
29139.0,20.61,1.11333333333,76.03
29141.0,20.05,1.09,76.65
29143.0,26.29,0.67,71.68
29145.0,18.81,1.21666666667,77.51
29147.0,26.79,1.87,67.58
29149.0,18.54,0.933333333333,78.64
29151.0,14.1,1.10333333333,82.57
29153.0,16.08,1.01666666667,80.84
29155.0,32.29,0.63,65.79
29157.0,17.4,1.16,79.09
29159.0,23.95,1.71666666667,70.88
29161.0,25.73,1.87,68.64
29163.0,24.48,1.33,71.51
29165.0,40.55,1.96,53.54
29167.0,19.18,1.56333333333,76.11
29169.0,21.7,1.61666666667,73.42
29171.0,15.02,0.763333333333,82.66
29173.0,21.61,1.0,75.37
29175.0,22.14,1.60333333333,73.03
29177.0,28.5,1.97666666667,65.55
29179.0,17.81,0.983333333333,79.22
29181.0,15.04,1.01,81.91
29183.0,34.19,1.73,60.59
29185.0,20.21,1.38333333333,75.61
29186.0,30.02,1.66666666667,64.96
29187.0,25.28,1.34333333333,70.67
29189.0,55.78,1.55,39.53
29195.0,30.14,1.73,64.65
29197.0,18.31,1.27333333333,77.85
29199.0,18.54,1.31666666667,77.48
29201.0,20.72,0.963333333333,76.36
29203.0,19.87,1.37666666667,75.97
29205.0,18.63,1.24666666667,77.61
29207.0,14.1,0.816666666667,83.42
29209.0,17.45,1.00666666667,79.5
29211.0,21.17,0.99,75.84
29213.0,18.66,1.12333333333,77.95
29215.0,15.8,1.01,81.16
29217.0,19.89,1.33333333333,76.09
29219.0,24.83,1.56333333333,70.46
29221.0,20.75,1.09333333333,75.94
29223.0,16.48,0.876666666667,80.86
29225.0,19.01,1.36666666667,76.86
29227.0,18.64,1.36333333333,77.24
29229.0,14.41,0.89,82.89
30001.0,23.75,2.38,69.08
30003.0,49.44,2.18333333333,43.97
30005.0,44.87,2.5,47.59
30007.0,18.24,2.22,75.08
30009.0,30.72,2.14333333333,62.82
30011.0,8.99,1.32333333333,87.01
30013.0,35.53,2.47666666667,57.02
30015.0,28.24,2.26666666667,64.93
30017.0,22.71,2.25666666667,70.5
30019.0,17.54,1.96,76.57
30021.0,18.26,1.7,76.62
30023.0,48.95,2.97,42.11
30025.0,10.43,1.03333333333,86.44
30027.0,20.63,2.09666666667,73.05
30029.0,28.61,2.11,65.03
30031.0,45.62,3.24,44.63
30033.0,4.74,1.34333333333,91.2
30035.0,61.63,2.11333333333,32.01
30037.0,15.07,2.47,77.49
30039.0,26.57,2.09,67.13
30041.0,36.9,2.98666666667,54.11
30043.0,30.11,2.46,62.49
30045.0,19.46,2.59666666667,72.73
30047.0,36.34,2.01,57.6
30049.0,42.39,2.76,49.3
30051.0,21.53,1.81666666667,73.0
30053.0,22.0,1.83666666667,72.47
30055.0,14.58,1.38666666667,81.25
30057.0,24.89,1.86666666667,69.49
30059.0,19.65,1.81,74.89
30061.0,25.94,2.48,66.59
30063.0,53.52,2.89333333333,37.78
30065.0,13.74,1.61333333333,81.4
30067.0,38.75,2.53666666667,53.62
30069.0,9.37,1.45666666667,86.25
30071.0,14.65,1.84333333333,79.8
30073.0,27.27,2.20333333333,66.09
30075.0,12.12,1.27,84.04
30077.0,19.76,2.53666666667,72.6
30079.0,14.53,1.59666666667,80.66
30081.0,27.87,1.93,66.32
30083.0,13.88,1.82,80.63
30085.0,42.94,2.62,49.17
30087.0,28.73,1.89,65.56
30089.0,20.58,2.29,72.53
30091.0,26.05,2.07333333333,67.7
30093.0,52.7,2.90666666667,38.55
30095.0,18.72,2.01666666667,75.2
30097.0,19.13,1.63,75.96
30099.0,25.45,2.11,68.2
30101.0,19.71,2.13666666667,73.86
30103.0,13.34,2.48333333333,79.18
30105.0,22.87,2.5,69.61
30107.0,19.08,2.16333333333,74.41
30109.0,10.29,1.18333333333,86.14
30111.0,32.53,2.62,59.58
31001.0,24.84,2.635,69.88
31003.0,11.83,1.89,84.37
31005.0,6.08,1.9,90.11
31007.0,4.61,2.17,91.02
31009.0,9.58,1.595,87.22
31011.0,14.44,2.68,80.18
31013.0,20.01,2.705,74.56
31015.0,11.2,1.57,85.63
31017.0,9.68,1.45,87.39
31019.0,22.9,3.32,70.44
31021.0,26.34,3.33,66.98
31023.0,17.62,1.985,78.38
31025.0,27.44,3.005,66.52
31027.0,13.11,2.92,81.03
31029.0,9.23,1.59,87.57
31031.0,10.28,2.3,85.1
31033.0,15.36,2.805,79.01
31035.0,15.8,2.18,79.81
31037.0,27.01,2.265,68.44
31039.0,17.85,2.265,77.6
31041.0,11.56,2.165,84.09
31043.0,40.0,2.25,55.48
31045.0,21.93,3.265,71.52
31047.0,24.93,2.56,69.93
31049.0,12.28,2.455,82.8
31051.0,20.26,2.67,74.38
31053.0,29.75,2.575,65.08
31055.0,47.92,2.77,46.53
31057.0,9.37,1.945,86.72
31059.0,21.18,2.93,72.94
31061.0,15.09,1.84,81.21
31063.0,12.29,1.64,84.42
31065.0,13.13,2.07,82.72
31067.0,29.73,2.995,64.26
31069.0,14.39,1.92,81.74
31071.0,12.5,1.44,84.6
31073.0,16.5,2.15,79.2
31075.0,5.07,0.885,93.14
31077.0,18.02,1.885,78.19
31079.0,28.79,2.455,66.28
31081.0,17.8,2.705,76.76
31083.0,13.84,1.925,82.3
31085.0,5.88,0.875,92.35
31087.0,10.97,2.285,84.44
31089.0,10.48,1.825,85.86
31091.0,9.66,2.29,85.74
31093.0,18.39,2.195,77.21
31095.0,24.22,3.085,69.59
31097.0,27.3,3.48,65.72
31099.0,16.96,2.665,77.69
31101.0,14.19,2.3,81.19
31103.0,7.58,1.65,89.1
31105.0,13.87,2.81,80.5
31107.0,17.6,2.025,78.33
31109.0,46.63,3.39,46.57
31111.0,18.36,2.56,76.5
31113.0,7.09,2.105,88.69
31115.0,12.56,1.435,84.55
31117.0,4.89,2.615,89.86
31119.0,19.08,2.77,75.36
31121.0,16.21,2.585,78.6
31123.0,13.01,2.21,82.54
31125.0,17.51,1.93,78.61
31127.0,25.2,3.32,68.13
31129.0,16.16,2.225,79.37
31131.0,27.7,2.945,66.39
31133.0,21.23,2.47,73.82
31135.0,11.28,1.97,84.76
31137.0,12.38,2.23,83.14
31139.0,10.67,2.035,85.25
31141.0,18.59,2.025,77.34
31143.0,16.19,2.12,79.55
31145.0,12.6,2.08,83.22
31147.0,21.76,2.505,73.21
31149.0,8.82,2.265,86.63
31151.0,33.99,3.29,59.41
31153.0,35.61,3.485,57.4
31155.0,23.67,2.84,70.63
31157.0,22.67,2.845,71.62
31159.0,24.25,2.715,70.29
31161.0,11.15,1.695,85.45
31163.0,21.76,2.31,73.59
31165.0,10.86,2.11,84.9
31167.0,15.17,2.87,79.07
31169.0,18.75,2.485,76.27
31171.0,7.75,1.675,88.88
31173.0,44.89,2.58,49.92
31175.0,15.51,1.495,81.49
31177.0,24.62,2.845,69.67
31179.0,22.13,3.165,71.52
31181.0,18.13,1.805,78.24
31183.0,13.5,2.175,82.13
31185.0,18.87,3.105,74.9
32001.0,20.2,2.0475,71.58
32003.0,52.39,1.4575,41.75
32005.0,30.32,1.8,62.45
32007.0,18.33,2.155,73.02
32009.0,15.36,1.71,77.77
32011.0,8.66,1.6625,84.66
32013.0,21.54,2.0425,70.27
32015.0,16.7,1.8825,75.75
32017.0,13.36,2.0575,78.37
32019.0,25.86,1.6875,67.35
32021.0,31.89,2.2625,59.03
32023.0,26.0,1.495,67.98
32027.0,21.69,1.875,70.78
32029.0,29.39,1.8525,63.17
32031.0,46.36,2.115,45.16
32033.0,18.73,2.27,72.17
33001.0,39.3,2.3,56.1
33003.0,44.6,2.55,50.3
33005.0,53.7,2.65,41.0
33007.0,42.9,2.5,52.0
33009.0,56.9,2.6,37.9
33011.0,47.3,2.65,47.5
33013.0,49.1,2.4,46.1
33015.0,44.6,2.45,50.5
33017.0,51.4,2.95,42.8
33019.0,46.1,2.55,48.8
34001.0,51.51,0.452857142857,45.28
34003.0,54.49,0.422857142857,42.5
34005.0,55.57,0.512857142857,40.79
34007.0,64.58,0.451428571429,32.21
34009.0,38.5,0.444285714286,58.37
34011.0,51.01,0.47,45.66
34013.0,77.05,0.315714285714,20.69
34015.0,47.94,0.52,48.37
34017.0,74.45,0.408571428571,22.64
34019.0,40.79,0.647142857143,54.63
34021.0,66.31,0.501428571429,30.14
34023.0,58.33,0.438571428571,38.55
34025.0,43.6,0.468571428571,53.07
34027.0,45.98,0.515714285714,50.38
34029.0,31.52,0.415714285714,65.52
34031.0,59.54,0.374285714286,37.8
34033.0,40.26,0.58,55.63
34035.0,54.35,0.531428571429,41.9
34037.0,32.67,0.621428571429,62.93
34039.0,66.28,0.412857142857,30.8
34041.0,35.07,0.6,60.67
35001.0,52.19,2.21166666667,34.51
35003.0,20.93,1.27333333333,71.4
35005.0,27.29,1.525,63.51
35006.0,46.41,2.31666666667,39.65
35007.0,39.94,1.92833333333,48.45
35009.0,24.38,1.52833333333,66.41
35013.0,53.72,1.72166666667,35.91
35015.0,25.54,1.245,66.95
35017.0,48.97,1.61333333333,41.3
35019.0,53.03,2.395,32.57
35021.0,29.6,1.89333333333,59.01
35023.0,41.86,1.57833333333,48.63
35025.0,22.21,1.20333333333,70.52
35027.0,26.19,1.26,66.22
35028.0,50.79,3.01833333333,31.06
35029.0,43.79,1.415,47.67
35031.0,62.79,2.305,23.34
35033.0,62.98,1.63166666667,27.19
35035.0,30.48,1.68166666667,59.4
35037.0,28.48,1.59833333333,61.9
35039.0,64.44,1.88333333333,24.21
35041.0,24.44,1.69166666667,65.37
35043.0,44.81,2.17333333333,42.1
35045.0,27.89,1.90666666667,60.63
35047.0,67.76,1.78,21.52
35049.0,70.98,1.46666666667,20.17
35051.0,31.07,1.77666666667,58.22
35053.0,48.21,2.26666666667,38.16
35055.0,69.85,2.03166666667,17.91
35057.0,28.15,2.17166666667,58.78
35059.0,18.73,1.615,71.53
35061.0,39.29,2.12833333333,47.89
36001.0,59.51,2.64,35.2
36003.0,26.14,2.7,68.44
36005.0,88.72,0.835,9.59
36007.0,45.34,2.805,49.03
36009.0,30.09,2.715,64.45
36011.0,40.5,2.865,53.75
36013.0,34.99,2.71,59.57
36015.0,37.33,2.67,57.31
36017.0,32.81,3.16,60.86
36019.0,47.38,3.08,46.44
36021.0,48.14,2.52,46.8
36023.0,43.29,3.36,49.97
36025.0,32.76,2.64,61.94
36027.0,47.31,2.14,48.38
36029.0,50.11,2.26,45.35
36031.0,44.83,3.46,48.24
36033.0,43.02,3.28,50.4
36035.0,29.67,2.55,65.22
36037.0,28.39,3.125,65.34
36039.0,33.75,2.525,61.19
36041.0,27.97,2.62,66.77
36043.0,30.04,2.69,64.56
36045.0,35.86,2.955,58.21
36049.0,27.42,2.75,67.06
36051.0,33.4,2.66,61.25
36053.0,38.5,3.545,54.39
36055.0,54.36,2.685,40.25
36057.0,34.18,2.57,60.66
36059.0,51.25,1.395,45.94
36063.0,38.24,2.26,57.23
36065.0,36.66,2.76,57.81
36067.0,53.61,2.8,40.77
36069.0,42.44,3.235,51.07
36071.0,44.78,1.98,51.24
36073.0,25.87,2.43,69.26
36075.0,35.38,2.985,58.63
36077.0,40.32,3.155,53.35
36079.0,39.29,1.785,57.12
36081.0,75.49,1.195,22.09
36083.0,45.51,3.04,48.38
36087.0,51.19,1.345,46.1
36089.0,41.69,2.905,52.48
36091.0,44.71,3.095,49.08
36093.0,50.09,2.825,44.24
36095.0,29.8,2.845,64.49
36097.0,32.77,2.86,61.48
36099.0,40.66,3.265,52.79
36101.0,29.22,2.69,65.38
36103.0,44.26,1.62,52.48
36105.0,41.43,1.695,55.17
36107.0,33.33,2.855,60.94
36109.0,67.7,3.365,25.55
36111.0,51.87,2.695,42.73
36113.0,41.22,3.475,51.81
36115.0,36.77,3.105,57.0
36117.0,33.82,3.12,59.93
36119.0,64.9,1.47,32.13
36121.0,22.02,2.49,72.99
36123.0,35.86,3.205,57.71
37001.0,42.25,2.54,55.2
37003.0,20.82,2.41,76.76
37005.0,24.93,2.39,72.66
37007.0,55.65,1.24,43.1
37009.0,26.41,2.51,71.07
37011.0,20.71,2.03,77.24
37013.0,36.86,1.78,61.35
37015.0,62.22,0.71,37.05
37017.0,44.59,1.34,54.06
37019.0,34.37,2.52,63.1
37021.0,55.71,3.14,41.14
37023.0,29.03,2.56,68.39
37025.0,38.51,2.99,58.48
37027.0,23.5,2.36,74.12
37029.0,25.63,2.95,71.41
37031.0,26.56,2.39,71.04
37033.0,43.26,1.97,54.75
37035.0,29.62,2.74,67.63
37037.0,53.61,2.85,43.53
37039.0,20.26,2.45,77.27
37041.0,41.71,2.25,56.03
37043.0,22.97,2.34,74.68
37045.0,33.74,1.91,64.33
37047.0,38.3,1.29,60.39
37049.0,37.81,2.58,59.6
37051.0,56.68,2.64,40.66
37053.0,23.17,3.81,73.0
37055.0,37.24,3.4,59.35
37057.0,24.06,2.52,73.41
37059.0,24.48,2.9,72.6
37061.0,39.78,1.23,58.98
37063.0,78.9,2.57,18.51
37065.0,65.51,1.14,33.33
37067.0,53.61,3.03,43.35
37069.0,42.84,2.57,54.57
37071.0,32.65,2.55,64.78
37073.0,44.5,1.98,53.5
37075.0,18.58,1.78,79.62
37077.0,47.64,2.2,50.14
37079.0,44.55,1.06,54.38
37081.0,58.68,2.64,38.66
37083.0,62.86,1.14,35.98
37085.0,36.59,2.72,60.67
37087.0,34.53,2.97,62.48
37089.0,34.61,2.83,62.55
37091.0,68.17,1.31,30.5
37093.0,53.83,3.15,43.01
37095.0,42.05,1.84,56.09
37097.0,30.27,2.62,67.09
37099.0,42.01,4.07,53.91
37101.0,33.29,2.74,63.96
37103.0,40.5,1.13,58.36
37105.0,42.06,2.71,55.21
37107.0,46.08,1.54,52.36
37109.0,24.93,2.43,72.63
37111.0,23.75,2.01,74.22
37113.0,27.92,2.65,69.42
37115.0,35.55,3.02,61.41
37117.0,49.05,1.38,49.56
37119.0,63.28,3.3,33.41
37121.0,19.94,1.73,78.32
37123.0,35.88,2.36,61.75
37125.0,33.82,2.77,63.4
37127.0,49.08,1.57,49.34
37129.0,46.18,3.54,50.27
37131.0,62.62,0.94,36.43
37133.0,30.98,3.37,65.64
37135.0,74.03,2.94,23.01
37137.0,35.83,1.77,62.38
37139.0,49.84,2.51,47.64
37141.0,33.56,2.47,63.96
37143.0,34.73,2.44,62.82
37145.0,40.26,2.14,57.58
37147.0,52.34,2.69,44.96
37149.0,34.64,2.51,62.83
37151.0,20.55,2.17,77.27
37153.0,44.06,1.72,54.21
37155.0,46.57,1.98,51.43
37157.0,33.97,2.06,63.96
37159.0,30.45,2.34,67.19
37161.0,25.03,2.07,72.88
37163.0,40.9,1.52,57.57
37165.0,52.96,1.83,45.2
37167.0,23.79,2.22,73.98
37169.0,20.94,2.52,76.53
37171.0,23.49,2.3,74.2
37173.0,36.54,3.99,59.46
37175.0,37.38,2.74,59.86
37177.0,41.47,1.58,56.94
37179.0,32.86,3.16,63.96
37181.0,61.57,1.46,36.95
37183.0,58.39,3.71,37.89
37185.0,65.86,1.51,32.61
37187.0,57.07,1.06,41.86
37189.0,48.5,4.5,46.99
37191.0,43.19,1.89,54.91
37193.0,21.38,2.05,76.55
37195.0,51.94,1.74,46.31
37197.0,18.09,2.27,79.62
37199.0,32.43,2.65,64.91
38001.0,17.91,1.7775,74.95
38003.0,30.4,2.375,60.07
38005.0,43.4,2.2,47.78
38007.0,9.79,1.7675,83.1
38009.0,21.35,1.6025,72.21
38011.0,12.83,1.365,81.68
38013.0,11.44,0.8225,85.25
38015.0,23.17,1.8675,69.33
38017.0,39.7,2.4625,50.42
38019.0,24.17,1.735,68.86
38021.0,23.22,1.735,69.81
38023.0,20.47,1.7625,72.45
38025.0,16.18,1.0175,79.71
38027.0,29.04,1.535,64.8
38029.0,10.97,0.915,85.34
38031.0,20.36,1.7,72.8
38033.0,10.5,1.3225,84.18
38035.0,36.44,2.1475,54.94
38037.0,13.73,1.3925,80.67
38039.0,23.89,2.0425,67.92
38041.0,13.32,1.2025,81.83
38043.0,13.18,1.3375,81.44
38045.0,23.64,1.6475,69.73
38047.0,10.87,1.2325,84.17
38049.0,17.64,2.0575,74.09
38051.0,16.37,1.665,76.95
38053.0,15.15,1.285,79.69
38055.0,20.55,1.48,73.51
38057.0,13.49,1.27,81.39
38059.0,19.79,1.845,72.8
38061.0,30.2,1.5325,63.63
38063.0,31.64,1.96,60.5
38065.0,11.87,1.39,82.53
38067.0,22.01,1.675,71.25
38069.0,21.33,1.925,70.94
38071.0,28.84,2.3775,61.63
38073.0,36.08,2.93,52.17
38075.0,15.93,1.5275,77.92
38077.0,27.66,2.13,63.79
38079.0,57.26,2.4175,33.04
38081.0,35.03,2.4875,55.0
38083.0,12.14,1.1575,83.2
38085.0,64.4,3.455,21.75
38087.0,9.83,1.4,84.54
38089.0,14.4,1.34,80.21
38091.0,36.68,2.18,54.57
38093.0,24.99,1.8775,67.47
38095.0,26.82,2.1725,64.46
38097.0,32.06,2.3375,58.56
38099.0,25.66,2.12,65.83
38101.0,21.56,2.295,69.24
38103.0,17.81,1.4825,76.23
38105.0,13.74,1.54,80.07
39001.0,20.72,0.973333333333,76.33
39003.0,28.71,1.46,66.89
39005.0,23.5,1.71666666667,71.31
39007.0,38.15,1.55333333333,57.16
39009.0,55.66,1.87,38.71
39011.0,16.73,1.31333333333,79.3
39013.0,28.33,1.25333333333,67.88
39015.0,22.31,1.06,74.49
39017.0,33.66,1.43666666667,62.01
39019.0,24.39,1.59666666667,70.79
39021.0,25.5,1.5,69.97
39023.0,38.01,1.47333333333,57.54
39025.0,27.05,1.51333333333,68.38
39027.0,21.78,1.27,74.39
39029.0,27.11,1.39666666667,68.68
39031.0,26.12,1.49,69.38
39033.0,24.15,1.63333333333,70.92
39035.0,65.83,1.10333333333,30.84
39037.0,17.58,1.20333333333,78.79
39039.0,29.68,1.93333333333,64.5
39041.0,39.54,1.61,55.6
39043.0,42.72,1.57,52.54
39045.0,34.23,1.51666666667,61.18
39047.0,24.7,1.17,71.76
39049.0,60.56,1.58333333333,34.67
39051.0,28.9,2.07666666667,64.84
39053.0,20.36,1.20666666667,76.0
39055.0,35.22,1.35666666667,60.68
39057.0,35.19,1.71333333333,59.65
39059.0,26.52,1.45,69.1
39061.0,52.55,1.46666666667,43.03
39063.0,26.74,1.90666666667,67.51
39065.0,23.88,1.67,71.09
39067.0,23.9,1.29666666667,72.18
39069.0,26.99,2.05333333333,66.82
39071.0,20.15,1.18333333333,76.28
39073.0,29.67,1.37666666667,66.18
39075.0,16.31,1.47,79.25
39077.0,29.09,1.80666666667,65.46
39079.0,23.73,1.2,72.64
39081.0,30.25,1.26666666667,65.93
39083.0,28.66,1.49,66.85
39085.0,39.94,1.50666666667,55.52
39087.0,26.39,1.1,70.29
39089.0,33.19,1.54333333333,62.14
39091.0,21.59,1.4,74.19
39093.0,47.53,1.54666666667,47.81
39095.0,56.01,1.77333333333,38.65
39097.0,27.82,1.53333333333,67.55
39099.0,49.8,1.12333333333,46.8
39101.0,30.2,1.73333333333,64.57
39103.0,35.34,1.47333333333,60.21
39105.0,22.92,1.35333333333,72.99
39107.0,15.64,1.21333333333,80.69
39109.0,24.93,1.50333333333,70.55
39111.0,24.63,1.28,71.5
39113.0,47.14,1.48,48.39
39115.0,27.2,1.39333333333,68.6
39117.0,22.92,1.54333333333,72.42
39119.0,30.16,1.56333333333,65.12
39121.0,20.44,1.31333333333,75.59
39123.0,37.42,1.86,56.98
39125.0,23.38,1.56,71.91
39127.0,27.8,1.35333333333,68.12
39129.0,26.56,1.40666666667,69.21
39131.0,29.9,1.15333333333,66.61
39133.0,42.53,1.58666666667,52.69
39135.0,21.11,1.25666666667,75.09
39137.0,15.63,1.46333333333,79.96
39139.0,29.08,1.42666666667,66.62
39141.0,34.2,1.39666666667,61.58
39143.0,35.4,2.07333333333,58.36
39145.0,29.85,1.16,66.65
39147.0,30.82,2.38666666667,62.0
39149.0,17.92,1.17333333333,78.52
39151.0,38.96,1.54666666667,56.38
39153.0,51.98,1.39333333333,43.82
39155.0,44.78,1.34,51.18
39157.0,29.67,1.73333333333,65.11
39159.0,28.37,1.75666666667,66.33
39161.0,19.63,1.44333333333,76.03
39163.0,24.69,1.61333333333,70.44
39165.0,28.91,1.53333333333,66.47
39167.0,27.04,1.43333333333,68.64
39169.0,30.21,1.54333333333,65.13
39171.0,25.3,1.85666666667,69.11
39173.0,42.44,2.19666666667,50.94
39175.0,23.89,1.80666666667,70.66
40001.0,21.24,5.27,73.48
40003.0,9.57,4.83,85.59
40005.0,15.89,2.77,81.32
40007.0,7.86,3.3,88.82
40009.0,12.72,3.77,83.5
40011.0,18.74,5.22,76.03
40013.0,20.27,3.86,75.85
40015.0,25.89,4.76,69.33
40017.0,21.11,6.54,72.34
40019.0,21.59,4.2,74.19
40021.0,33.08,6.3,60.6
40023.0,19.63,2.82,77.54
40025.0,6.49,4.17,89.32
40027.0,35.48,7.37,57.14
40029.0,17.17,3.76,79.06
40031.0,35.19,5.88,58.92
40033.0,16.29,4.76,78.93
40035.0,21.61,4.32,74.05
40037.0,20.26,4.9,74.82
40039.0,19.96,5.8,74.23
40041.0,21.08,3.68,75.22
40043.0,9.88,2.67,87.44
40045.0,8.48,3.34,88.17
40047.0,20.24,6.0,73.75
40049.0,17.58,4.14,78.27
40051.0,17.42,4.87,77.69
40053.0,13.04,3.9,83.04
40055.0,17.03,4.79,78.16
40057.0,22.97,3.79,73.23
40059.0,8.82,3.16,88.01
40061.0,18.63,3.27,78.09
40063.0,21.23,3.91,74.85
40065.0,18.87,4.66,76.46
40067.0,15.56,3.19,81.23
40069.0,19.54,3.44,77.0
40071.0,22.23,5.31,72.45
40073.0,12.78,3.08,84.12
40075.0,21.95,3.72,74.31
40077.0,19.67,3.92,76.39
40081.0,17.3,5.28,77.4
40083.0,22.37,5.78,71.84
40085.0,19.4,3.48,77.1
40087.0,17.18,4.72,78.09
40089.0,16.79,2.5,80.69
40091.0,26.66,4.2,69.12
40093.0,9.12,4.38,86.49
40095.0,19.95,3.46,76.58
40097.0,21.78,4.7,73.51
40099.0,19.65,4.81,75.52
40101.0,32.93,4.93,62.12
40103.0,18.5,5.37,76.11
40105.0,17.51,4.1,78.38
40107.0,23.97,5.05,70.96
40109.0,41.17,7.13,51.69
40111.0,31.44,4.44,64.1
40113.0,29.52,4.17,66.3
40115.0,24.18,4.44,71.37
40117.0,21.13,4.55,74.31
40119.0,31.65,8.36,59.98
40121.0,21.47,4.67,73.85
40123.0,24.52,5.13,70.33
40125.0,23.62,6.23,70.13
40127.0,16.68,3.43,79.87
40129.0,8.58,3.46,87.94
40131.0,19.33,5.01,75.65
40133.0,25.73,4.39,69.87
40135.0,21.2,3.38,75.41
40137.0,17.24,3.55,79.2
40139.0,14.81,5.21,79.96
40141.0,24.27,3.88,71.84
40143.0,35.55,6.04,58.39
40145.0,21.47,5.01,73.5
40147.0,22.72,6.08,71.19
40149.0,12.7,4.08,83.21
40151.0,14.21,5.42,80.35
40153.0,11.5,4.92,83.57
41001.0,21.0,3.165,72.65
41003.0,62.38,4.51,28.58
41005.0,49.51,3.535,43.4
41007.0,49.0,4.025,42.92
41009.0,39.71,4.285,51.7
41011.0,34.3,3.52,58.64
41013.0,22.26,2.83,72.07
41015.0,34.96,3.09,58.84
41017.0,44.4,3.69,48.2
41019.0,27.05,3.255,66.43
41021.0,23.58,4.48,67.44
41023.0,17.54,3.015,76.4
41025.0,17.71,3.425,75.42
41027.0,61.24,3.85,31.04
41029.0,41.96,3.445,51.14
41031.0,32.58,3.63,60.14
41033.0,31.03,3.29,62.38
41035.0,24.21,3.395,68.98
41037.0,16.46,2.42,78.68
41039.0,55.5,3.96,36.56
41041.0,51.17,3.81,41.19
41043.0,31.89,4.185,59.72
41045.0,22.24,2.99,71.76
41047.0,44.04,3.45,49.03
41049.0,25.16,3.595,67.63
41051.0,75.95,3.205,17.62
41053.0,42.5,3.985,49.5
41055.0,20.54,2.79,73.85
41057.0,42.99,4.045,48.91
41059.0,28.58,3.585,64.23
41061.0,25.84,3.465,67.21
41063.0,26.26,3.05,67.63
41065.0,41.18,3.98,50.84
41067.0,59.39,3.94,32.71
41069.0,19.31,3.53,73.61
41071.0,41.3,4.31,50.06
42001.0,29.86,1.27666666667,66.29
42003.0,56.44,1.17,40.03
42005.0,22.49,1.00333333333,74.47
42007.0,38.24,1.14666666667,58.3
42009.0,15.37,0.613333333333,82.77
42011.0,42.72,1.45,52.91
42013.0,25.16,1.09333333333,71.54
42015.0,24.65,1.54333333333,70.69
42017.0,48.41,1.24666666667,47.83
42019.0,29.15,1.37333333333,66.7
42021.0,29.58,1.02666666667,67.32
42023.0,23.17,0.983333333333,73.86
42025.0,31.04,1.26,65.15
42027.0,48.48,1.65,46.55
42029.0,52.57,1.35333333333,43.34
42031.0,24.34,1.29333333333,71.76
42033.0,23.55,1.09666666667,73.13
42035.0,30.54,1.35666666667,65.37
42037.0,31.34,1.51666666667,64.09
42039.0,28.72,1.34333333333,67.23
42041.0,38.48,1.48333333333,57.05
42043.0,49.39,1.34,46.57
42045.0,59.39,1.06333333333,37.41
42047.0,26.25,1.22666666667,70.04
42049.0,46.75,1.49,48.76
42051.0,33.36,0.753333333333,64.36
42053.0,26.1,1.27666666667,70.05
42055.0,24.97,1.18,71.46
42057.0,13.4,0.796666666667,84.17
42059.0,27.79,0.893333333333,69.5
42061.0,23.01,1.09,73.7
42063.0,30.39,1.17666666667,66.05
42065.0,18.52,1.04,78.34
42067.0,17.4,1.14333333333,79.15
42069.0,50.21,0.983333333333,46.81
42071.0,37.66,1.66,57.34
42073.0,34.35,1.06666666667,62.44
42075.0,30.31,1.26333333333,65.87
42077.0,50.37,1.22666666667,45.92
42079.0,38.76,0.94,58.39
42081.0,25.7,1.25,70.53
42083.0,24.41,1.30333333333,71.66
42085.0,35.55,1.29,60.55
42087.0,19.53,1.14,77.03
42089.0,48.41,1.16333333333,48.08
42091.0,58.72,1.21333333333,37.61
42093.0,33.4,1.59666666667,61.79
42095.0,46.18,1.27,49.99
42097.0,26.26,1.30333333333,69.82
42099.0,21.88,1.43,73.8
42101.0,82.4,0.693333333333,15.49
42103.0,35.47,0.996666666667,61.51
42105.0,16.71,0.98,80.32
42107.0,26.65,1.10666666667,70.01
42109.0,24.43,1.28333333333,71.69
42111.0,20.61,0.943333333333,76.53
42113.0,23.86,0.986666666667,73.16
42115.0,26.38,1.45666666667,69.24
42117.0,21.01,1.46666666667,74.58
42119.0,35.27,1.25666666667,60.94
42121.0,26.65,1.43333333333,69.03
42123.0,27.39,1.44,68.27
42125.0,35.52,1.22333333333,60.79
42127.0,28.6,1.03666666667,68.27
42129.0,32.74,1.06,64.06
42131.0,28.77,1.25666666667,67.44
42133.0,33.19,1.43666666667,62.48
44001.0,57.4,3.7,35.2
44003.0,46.0,3.6,46.7
44005.0,55.7,3.8,36.7
44007.0,57.4,2.95,36.6
44009.0,50.8,4.05,41.1
45001.0,34.61,0.5,62.86
45003.0,34.0,0.896,61.49
45005.0,76.07,0.374,22.02
45007.0,26.2,0.778,69.87
45009.0,62.72,0.356,35.46
45011.0,46.36,0.408,51.56
45013.0,40.64,0.876,54.94
45015.0,38.63,1.06,56.03
45017.0,47.25,0.522,50.11
45019.0,50.63,1.312,42.78
45021.0,27.99,0.454,69.71
45023.0,46.34,0.488,51.2
45025.0,41.59,0.494,55.9
45027.0,50.37,0.356,47.8
45029.0,44.19,0.612,52.71
45031.0,46.78,0.53,50.52
45033.0,49.86,0.382,48.19
45035.0,38.43,1.122,55.92
45037.0,38.56,0.532,58.75
45039.0,61.64,0.512,35.76
45041.0,46.09,0.566,51.06
45043.0,41.98,0.598,54.99
45045.0,34.66,1.19,59.36
45047.0,37.17,0.754,59.02
45049.0,58.71,0.33,39.6
45051.0,29.5,0.63,67.32
45053.0,54.79,0.456,42.9
45055.0,35.64,0.77,60.48
45057.0,35.43,0.72,60.94
45059.0,33.41,0.644,63.34
45061.0,63.74,0.368,34.38
45063.0,28.84,1.116,65.55
45065.0,47.53,0.322,50.83
45067.0,59.94,0.36,38.22
45069.0,57.25,0.318,41.11
45071.0,36.98,0.674,59.6
45073.0,23.79,0.864,71.86
45075.0,67.63,0.334,30.67
45077.0,21.13,0.996,73.85
45079.0,63.99,0.968,31.14
45081.0,32.81,0.524,64.55
45083.0,33.02,0.788,63.0
45085.0,54.54,0.58,42.52
45087.0,39.1,0.496,58.39
45089.0,66.11,0.31,32.31
45091.0,36.35,1.044,58.4
46003.0,24.16,3.3,69.22
46005.0,28.23,2.985,65.78
46007.0,35.85,3.085,57.96
46009.0,23.67,2.77,70.78
46011.0,38.47,4.145,53.21
46013.0,33.83,3.245,59.65
46015.0,24.95,3.32,68.4
46017.0,60.4,2.345,34.89
46019.0,15.94,3.425,77.19
46021.0,12.63,1.32,84.71
46023.0,27.23,1.685,69.38
46025.0,24.01,3.615,68.73
46027.0,51.44,3.465,41.6
46029.0,27.2,3.13,66.53
46031.0,45.53,2.21,50.04
46033.0,23.74,3.24,69.76
46035.0,29.61,2.76,64.85
46037.0,35.45,2.655,59.22
46039.0,27.4,3.455,65.67
46041.0,51.96,2.835,42.35
46043.0,13.33,1.645,83.36
46045.0,19.81,2.735,74.71
46047.0,23.04,3.235,70.47
46049.0,18.24,2.5,76.74
46051.0,27.23,2.96,66.84
46053.0,18.69,2.39,76.51
46055.0,7.37,1.48,89.65
46057.0,20.09,2.815,74.25
46059.0,18.37,2.555,76.51
46061.0,21.13,2.115,74.62
46063.0,4.94,2.405,90.24
46065.0,29.96,3.36,63.3
46067.0,20.56,2.31,74.79
46069.0,18.11,1.59,78.69
46071.0,29.49,2.275,65.93
46073.0,27.3,2.84,67.01
46075.0,12.36,3.49,80.64
46077.0,27.55,3.285,65.85
46079.0,34.09,3.19,59.5
46081.0,28.33,4.535,62.58
46083.0,32.0,3.28,61.42
46085.0,25.96,2.635,68.75
46087.0,24.08,3.28,69.34
46089.0,16.88,2.325,78.45
46091.0,38.72,3.51,54.23
46093.0,19.12,4.11,72.63
46095.0,34.84,3.145,58.85
46097.0,26.4,3.61,66.35
46099.0,39.11,3.58,53.72
46101.0,35.56,2.71,59.01
46102.0,86.46,2.605,8.32
46103.0,29.47,4.04,62.42
46105.0,11.7,2.64,83.0
46107.0,16.1,1.905,80.07
46109.0,39.6,2.635,55.12
46111.0,21.46,2.8,72.92
46115.0,31.14,3.01,62.82
46117.0,20.99,2.865,73.26
46119.0,15.91,2.61,78.86
46121.0,70.82,3.125,22.91
46123.0,17.56,1.88,78.66
46125.0,23.15,3.03,70.77
46127.0,28.2,2.405,66.97
46129.0,18.44,2.495,76.54
46135.0,34.32,3.435,58.79
46137.0,45.95,2.995,48.04
47001.0,30.31,1.012,64.59
47003.0,22.11,0.6,74.86
47005.0,23.31,0.416,74.58
47007.0,19.26,0.568,77.87
47009.0,23.3,0.914,72.1
47011.0,18.41,0.808,77.51
47013.0,17.97,0.626,78.85
47015.0,21.24,0.626,75.59
47017.0,22.48,0.536,74.81
47019.0,16.44,0.606,80.48
47021.0,24.5,0.818,71.38
47023.0,18.59,0.494,78.9
47025.0,17.1,0.53,80.22
47027.0,24.22,0.488,73.31
47029.0,16.35,0.552,80.86
47031.0,23.83,0.744,72.42
47033.0,24.17,0.392,73.83
47035.0,19.78,0.518,77.61
47037.0,60.3,1.082,34.26
47039.0,19.53,0.442,78.21
47041.0,22.56,0.598,74.4
47043.0,25.33,0.734,70.96
47045.0,21.18,0.448,76.56
47047.0,30.37,0.406,67.57
47049.0,15.04,0.486,82.5
47051.0,26.71,0.564,70.43
47053.0,26.97,0.458,70.71
47055.0,26.21,0.426,71.61
47057.0,14.45,0.528,82.88
47059.0,17.92,0.626,78.91
47061.0,21.01,0.528,76.33
47063.0,19.8,0.642,76.96
47065.0,39.16,1.01,55.75
47067.0,14.44,0.578,82.63
47069.0,45.16,0.332,53.14
47071.0,16.3,0.63,80.53
47073.0,16.92,0.556,80.26
47075.0,54.27,0.316,44.1
47077.0,17.65,0.502,79.8
47079.0,23.75,0.526,73.58
47081.0,23.48,0.65,73.24
47083.0,27.33,0.754,68.87
47085.0,27.55,0.678,69.02
47087.0,25.38,0.396,72.61
47089.0,18.37,0.778,77.7
47091.0,15.07,0.506,82.36
47093.0,35.06,1.186,58.97
47095.0,29.28,0.362,68.88
47097.0,42.12,0.314,56.28
47099.0,18.01,0.53,79.31
47101.0,19.34,0.57,77.78
47103.0,19.21,0.514,78.18
47105.0,21.09,0.682,75.47
47107.0,18.76,0.544,78.49
47109.0,18.4,0.688,78.11
47111.0,14.29,0.422,83.57
47113.0,40.88,0.528,56.45
47115.0,26.11,0.594,70.9
47117.0,24.97,0.674,71.62
47119.0,28.59,0.714,67.81
47121.0,19.85,0.544,77.4
47123.0,18.67,0.59,78.36
47125.0,37.86,1.138,56.42
47127.0,16.95,0.712,79.46
47129.0,15.8,0.542,81.46
47131.0,19.83,0.44,77.92
47133.0,23.7,0.476,73.88
47135.0,20.91,0.634,75.9
47137.0,20.54,0.406,77.38
47139.0,19.2,0.52,78.17
47141.0,25.39,0.834,70.4
47143.0,17.74,0.64,79.02
47145.0,22.39,0.814,73.5
47147.0,24.53,0.746,71.71
47149.0,34.38,1.022,60.48
47151.0,13.11,0.404,84.85
47153.0,18.54,0.638,78.24
47155.0,17.39,0.7,79.07
47157.0,62.26,0.614,34.63
47159.0,22.78,0.634,74.02
47161.0,23.13,0.74,73.14
47163.0,19.89,0.786,76.13
47165.0,25.53,0.788,70.49
47167.0,24.72,0.596,72.27
47169.0,30.01,0.632,66.8
47171.0,17.58,0.664,79.06
47173.0,16.27,0.542,80.98
47175.0,22.3,0.478,75.29
47177.0,26.05,0.724,70.29
47179.0,26.31,0.896,69.17
47181.0,12.27,0.306,86.16
47183.0,22.84,0.584,74.22
47185.0,18.84,0.562,78.32
47187.0,29.6,1.054,65.1
47189.0,25.5,0.926,69.82
48001.0,19.88,1.07,77.95
48003.0,16.97,1.67,79.67
48005.0,25.23,1.11,72.53
48007.0,23.48,1.33,73.85
48009.0,9.22,1.05,88.66
48011.0,6.88,1.125,90.85
48013.0,34.06,1.36,63.19
48015.0,18.92,1.215,78.63
48017.0,22.25,1.23,75.28
48019.0,16.9,1.6,79.88
48021.0,37.36,2.44,57.74
48023.0,12.8,1.135,84.91
48025.0,40.7,1.605,56.07
48027.0,40.0,2.45,55.08
48029.0,54.46,2.275,40.98
48031.0,21.94,1.875,74.29
48033.0,8.49,0.545,90.41
48035.0,16.37,1.245,81.12
48037.0,25.61,1.045,72.27
48039.0,35.8,1.89,60.39
48041.0,34.89,3.275,58.54
48043.0,44.22,3.355,49.05
48045.0,12.39,1.22,85.14
48047.0,74.61,0.88,23.61
48049.0,11.62,1.135,86.09
48051.0,21.46,0.985,76.54
48053.0,19.87,1.745,76.63
48055.0,39.82,2.26,55.64
48057.0,30.44,1.44,66.66
48059.0,10.22,1.165,87.43
48061.0,64.61,1.66,32.05
48063.0,27.74,0.89,70.47
48065.0,8.45,1.335,88.86
48067.0,19.38,0.745,79.11
48069.0,26.35,1.425,70.79
48071.0,17.63,1.33,79.69
48073.0,20.75,1.01,77.21
48075.0,12.14,0.69,86.46
48077.0,10.69,0.98,87.32
48079.0,21.08,1.77,75.36
48081.0,9.83,0.63,88.89
48083.0,10.64,0.97,87.4
48085.0,39.22,2.28,56.2
48087.0,12.56,1.12,85.18
48089.0,23.31,1.055,74.56
48091.0,23.0,1.945,73.08
48093.0,15.13,1.15,82.56
48095.0,13.87,1.59,82.94
48097.0,14.75,1.175,82.88
48099.0,27.89,2.365,67.36
48101.0,14.4,1.11,83.36
48103.0,21.65,1.26,75.81
48105.0,26.66,1.535,70.25
48107.0,27.33,1.865,68.92
48109.0,59.58,1.83,36.74
48111.0,14.46,1.785,81.95
48113.0,61.12,1.99,34.88
48115.0,23.44,1.27,74.0
48117.0,28.2,1.245,69.29
48119.0,17.55,0.935,80.56
48121.0,37.5,2.4,57.68
48125.0,14.08,1.43,83.05
48127.0,67.37,1.205,30.2
48129.0,13.01,1.535,83.9
48131.0,66.91,0.715,31.64
48133.0,11.18,1.085,86.63
48135.0,28.11,1.605,68.66
48137.0,28.35,1.025,69.57
48139.0,25.68,1.63,71.05
48141.0,69.13,2.46,25.92
48143.0,15.63,1.61,81.13
48145.0,32.14,1.07,65.71
48147.0,17.73,1.305,79.65
48149.0,19.28,1.145,78.41
48151.0,23.4,1.565,73.46
48153.0,22.21,1.275,75.22
48155.0,22.11,1.46,74.95
48157.0,51.64,1.66,45.01
48159.0,15.26,1.235,82.25
48161.0,19.2,0.995,78.79
48163.0,52.21,0.925,45.91
48165.0,12.95,1.135,84.76
48167.0,36.69,1.98,59.33
48169.0,15.18,0.945,82.91
48171.0,17.41,1.49,79.59
48173.0,5.64,1.24,91.86
48175.0,26.2,1.64,70.5
48177.0,24.85,1.24,72.65
48179.0,9.49,1.12,88.24
48181.0,21.83,1.605,74.94
48183.0,28.09,1.265,69.36
48185.0,23.02,1.405,74.14
48187.0,31.99,2.105,63.78
48189.0,23.74,2.065,72.1
48191.0,15.05,1.56,81.81
48193.0,13.27,1.02,84.67
48195.0,8.78,1.18,88.85
48197.0,16.47,1.815,79.88
48199.0,12.2,0.85,86.08
48201.0,54.22,1.97,41.82
48203.0,27.04,0.985,70.97
48205.0,8.84,1.18,88.79
48207.0,17.79,1.35,79.49
48209.0,46.3,3.265,47.15
48211.0,10.72,1.355,86.54
48213.0,18.92,1.05,78.96
48215.0,68.63,1.625,28.09
48217.0,19.64,1.14,78.06
48219.0,17.26,1.59,79.55
48221.0,15.31,1.435,81.8
48223.0,18.61,0.975,79.43
48225.0,23.82,0.71,74.74
48227.0,20.34,1.66,76.33
48229.0,37.19,2.52,57.74
48231.0,20.2,1.625,76.53
48233.0,10.5,1.43,86.62
48235.0,11.84,0.655,86.84
48237.0,9.4,0.77,89.03
48239.0,17.13,0.99,80.87
48241.0,19.33,0.71,79.23
48243.0,35.91,2.505,59.06
48245.0,48.53,1.215,49.02
48247.0,77.15,1.27,20.29
48249.0,54.17,0.995,43.82
48251.0,19.16,1.675,77.47
48253.0,15.76,1.53,81.16
48255.0,27.33,0.975,70.7
48257.0,25.04,1.435,72.07
48259.0,18.22,1.6,78.56
48261.0,53.22,0.805,45.16
48263.0,13.62,1.615,83.14
48265.0,20.2,1.655,76.47
48267.0,10.59,1.075,87.24
48269.0,3.14,1.57,93.71
48271.0,32.09,1.085,65.73
48273.0,49.69,2.14,46.01
48275.0,18.18,1.21,79.38
48277.0,19.3,1.11,78.47
48279.0,19.71,1.21,77.84
48281.0,18.14,1.83,78.18
48283.0,54.9,1.31,42.45
48287.0,21.03,1.175,76.6
48289.0,12.27,0.715,86.28
48291.0,20.08,0.92,78.06
48293.0,22.85,0.995,75.14
48295.0,10.21,1.055,87.67
48297.0,17.31,0.91,80.85
48299.0,17.58,1.29,79.82
48301.0,6.25,2.34,89.06
48303.0,28.5,2.31,66.86
48305.0,20.18,1.2,77.41
48307.0,15.55,0.97,82.5
48309.0,34.56,1.89,61.65
48311.0,8.04,0.3,91.34
48313.0,20.56,0.615,78.19
48315.0,27.48,0.97,70.56
48317.0,15.15,1.02,82.79
48319.0,17.19,1.07,80.66
48321.0,28.49,1.16,69.16
48323.0,76.51,1.375,20.72
48325.0,26.9,1.475,70.13
48327.0,17.79,1.505,79.18
48329.0,20.49,1.905,75.67
48331.0,23.72,1.3,73.66
48333.0,10.81,1.045,87.08
48335.0,16.11,1.295,81.27
48337.0,10.28,1.115,87.47
48339.0,22.52,1.755,73.95
48341.0,20.82,1.82,75.52
48343.0,28.7,0.965,69.35
48345.0,6.45,0.725,92.09
48347.0,30.41,1.905,65.76
48349.0,24.4,1.215,73.15
48351.0,24.38,0.88,73.84
48353.0,21.69,1.725,74.85
48355.0,47.23,1.995,48.77
48357.0,9.19,1.32,88.15
48359.0,8.25,0.895,89.94
48361.0,17.99,1.035,79.92
48363.0,16.7,1.24,80.8
48365.0,17.62,0.635,81.1
48367.0,14.76,1.455,82.3
48369.0,30.09,1.045,67.81
48371.0,37.22,1.83,59.1
48373.0,20.67,1.06,77.18
48375.0,26.89,2.135,68.82
48377.0,66.18,2.105,29.59
48379.0,13.36,0.99,84.64
48381.0,15.49,1.94,80.61
48383.0,18.55,1.33,78.77
48385.0,15.61,1.005,82.35
48387.0,22.3,0.725,76.23
48389.0,52.1,1.69,44.5
48391.0,35.11,1.37,62.13
48393.0,3.63,0.545,95.27
48395.0,31.42,1.01,66.54
48397.0,24.36,1.895,71.83
48399.0,12.0,0.95,86.08
48401.0,20.71,1.005,77.26
48403.0,13.22,0.385,85.99
48405.0,25.45,0.5,73.53
48407.0,19.73,1.065,78.11
48409.0,36.37,1.585,60.44
48411.0,12.44,0.755,86.02
48413.0,19.82,1.225,77.7
48415.0,13.93,1.18,83.69
48417.0,6.85,0.695,91.74
48419.0,19.36,0.79,79.04
48421.0,10.28,1.605,86.49
48423.0,26.6,1.435,70.5
48425.0,13.93,1.675,82.71
48427.0,79.08,0.97,18.97
48429.0,10.07,1.04,87.83
48431.0,11.05,1.1,86.72
48433.0,19.25,0.78,79.17
48435.0,22.12,0.95,75.97
48437.0,21.09,1.295,76.3
48439.0,43.45,2.195,52.15
48441.0,22.19,2.255,73.28
48443.0,32.03,1.14,65.67
48445.0,24.04,1.245,73.45
48447.0,10.39,0.55,88.49
48449.0,27.65,1.26,69.8
48451.0,23.92,2.11,71.84
48453.0,66.26,3.16,27.4
48455.0,19.29,0.755,79.18
48457.0,15.59,0.78,82.83
48459.0,14.93,1.07,82.91
48461.0,21.91,1.965,74.15
48463.0,43.22,1.365,54.02
48465.0,51.35,2.595,43.45
48467.0,12.87,1.06,85.0
48469.0,28.49,1.5,68.48
48471.0,30.91,1.825,65.42
48473.0,34.36,1.33,62.96
48475.0,22.85,1.345,74.45
48477.0,22.92,1.425,74.21
48479.0,74.37,1.42,22.76
48481.0,28.81,1.08,69.0
48483.0,8.41,0.54,90.5
48485.0,23.08,2.04,72.82
48487.0,19.67,1.555,77.2
48489.0,67.21,1.22,30.32
48491.0,42.01,3.045,51.87
48493.0,24.87,1.225,72.66
48495.0,22.42,1.33,74.9
48497.0,13.83,1.195,83.75
48499.0,14.07,0.91,84.09
48501.0,18.52,1.65,78.16
48503.0,11.39,1.285,86.01
48505.0,65.6,0.795,32.8
48507.0,77.66,0.955,20.41
49001.0,10.6,1.94625,73.81
49003.0,10.96,3.32625,62.38
49005.0,18.68,4.36,46.38
49007.0,21.85,1.5075,66.04
49009.0,16.34,1.665,70.32
49011.0,22.0,4.1275,44.92
49013.0,7.21,1.66625,79.41
49015.0,8.89,1.41,79.8
49017.0,15.34,1.985,68.74
49019.0,43.37,1.64125,43.46
49021.0,14.63,2.42125,65.94
49023.0,10.69,2.6975,67.68
49025.0,21.22,1.7725,64.56
49027.0,8.23,2.24375,73.78
49029.0,11.13,3.42,61.44
49031.0,5.02,0.99,87.03
49033.0,9.48,2.3475,71.71
49035.0,43.17,2.98,32.92
49037.0,30.31,1.83125,54.98
49039.0,10.49,2.9575,65.82
49041.0,8.17,1.78,77.55
49043.0,50.91,1.68375,35.56
49045.0,21.23,3.43125,51.27
49047.0,7.77,1.94125,76.64
49049.0,13.91,4.31625,51.5
49051.0,25.11,3.04625,50.47
49053.0,17.14,1.7825,68.56
49055.0,19.21,1.5925,68.01
49057.0,27.23,3.18875,47.2
50001.0,59.0,6.6,27.8
50003.0,54.9,5.5,34.1
50005.0,45.8,7.45,39.3
50007.0,65.7,6.0,22.3
50009.0,34.8,6.85,51.5
50011.0,43.7,7.75,40.9
50013.0,51.0,6.4,36.2
50015.0,56.7,7.65,28.0
50017.0,51.5,7.15,34.2
50019.0,43.0,7.05,42.8
50021.0,46.0,5.9,42.1
50023.0,59.8,7.25,25.7
50025.0,63.4,6.3,24.1
50027.0,58.7,6.3,28.8
51001.0,42.76,0.92,54.47
51003.0,59.31,2.13666666667,34.26
51005.0,29.63,1.21666666667,66.69
51007.0,30.56,0.853333333333,66.86
51009.0,32.88,1.17333333333,63.59
51011.0,25.43,0.9,71.83
51013.0,76.98,2.03666666667,16.88
51015.0,22.11,2.18,71.33
51017.0,26.88,1.36333333333,69.01
51019.0,23.07,1.47666666667,72.48
51021.0,14.5,1.05333333333,82.33
51023.0,24.09,1.39,71.71
51025.0,58.5,0.55,39.82
51027.0,18.66,0.743333333333,79.08
51029.0,42.94,0.853333333333,54.48
51031.0,24.23,1.43666666667,71.43
51033.0,45.28,1.45333333333,50.34
51035.0,18.81,0.916666666667,78.4
51036.0,59.91,1.06333333333,36.87
51037.0,37.17,0.913333333333,60.06
51041.0,46.2,1.77666666667,48.45
51043.0,37.47,1.74333333333,57.27
51045.0,19.43,1.23666666667,76.83
51047.0,35.06,1.50666666667,60.4
51049.0,41.68,1.02,55.24
51051.0,20.84,0.713333333333,77.0
51053.0,42.59,0.783333333333,55.02
51057.0,47.45,0.966666666667,49.62
51059.0,65.29,1.87,29.07
51061.0,34.91,1.83666666667,59.55
51063.0,28.85,1.6,66.34
51065.0,42.62,1.78333333333,52.01
51067.0,27.06,1.22666666667,69.24
51069.0,29.7,1.77666666667,64.95
51071.0,23.77,1.28333333333,72.35
51073.0,27.65,1.76666666667,67.03
51075.0,35.06,1.60666666667,60.11
51077.0,19.38,1.18,77.05
51079.0,30.75,2.23,62.53
51081.0,58.62,0.513333333333,39.81
51083.0,40.65,0.696666666667,57.22
51085.0,31.06,1.79333333333,63.53
51087.0,57.79,1.78,36.84
51089.0,34.12,0.86,63.28
51091.0,26.67,1.48,68.87
51093.0,37.46,1.36,58.44
51095.0,44.67,1.83666666667,49.8
51097.0,40.13,0.963333333333,56.95
51099.0,33.44,1.74,61.31
51101.0,30.28,1.36666666667,65.61
51103.0,43.37,1.09333333333,53.34
51105.0,17.39,0.653333333333,80.63
51107.0,55.42,1.97666666667,38.62
51109.0,35.46,1.50333333333,60.01
51111.0,39.91,0.86,57.48
51113.0,31.75,1.50666666667,63.71
51115.0,29.53,1.34333333333,66.42
51117.0,43.29,0.703333333333,54.57
51119.0,35.15,1.21333333333,61.19
51121.0,46.87,2.51,45.56
51125.0,44.58,1.69666666667,50.32
51127.0,29.14,1.36666666667,66.73
51131.0,53.06,1.04666666667,43.78
51133.0,34.61,1.04333333333,62.24
51135.0,42.11,0.87,55.26
51137.0,34.7,1.33666666667,61.26
51139.0,23.57,1.01,73.37
51141.0,20.82,1.04333333333,76.02
51143.0,29.01,0.783333333333,68.61
51145.0,24.15,1.70666666667,70.7
51147.0,50.36,1.54666666667,44.97
51149.0,39.77,1.16,56.73
51153.0,57.36,1.76333333333,37.32
51155.0,27.59,1.38,68.25
51157.0,39.17,1.28,56.97
51159.0,36.89,0.826666666667,60.61
51161.0,33.47,1.66,61.53
51163.0,32.81,1.58,62.43
51165.0,25.62,1.73,69.16
51167.0,19.08,0.953333333333,78.03
51169.0,15.7,0.77,81.96
51171.0,25.91,1.61333333333,69.23
51173.0,20.74,1.08,76.0
51175.0,40.52,0.903333333333,56.75
51177.0,38.98,1.74333333333,55.76
51179.0,42.66,1.84666666667,51.78
51181.0,52.03,1.02,44.89
51183.0,57.06,0.703333333333,40.8
51185.0,15.65,0.79,81.96
51187.0,29.03,1.61333333333,66.11
51191.0,21.57,1.11,75.08
51193.0,44.9,0.95,52.23
51195.0,17.92,0.71,79.93
51197.0,20.86,1.10333333333,75.8
51199.0,38.13,2.2,55.26
53001.0,27.39,1.09,67.14
53003.0,32.19,1.76,58.98
53005.0,32.85,1.49,59.67
53007.0,39.93,1.02,54.92
53009.0,45.94,1.296,47.55
53011.0,46.42,1.45,46.29
53013.0,24.47,1.296,69.01
53015.0,40.12,1.36,53.03
53017.0,31.52,1.132,62.79
53019.0,30.64,1.632,61.17
53021.0,38.07,1.16,56.09
53023.0,22.4,1.864,68.26
53025.0,27.26,1.418,65.62
53027.0,42.86,1.486,49.69
53029.0,49.19,1.558,42.99
53031.0,62.61,1.5,29.85
53033.0,72.23,1.204,21.71
53035.0,51.66,1.824,39.18
53037.0,39.6,1.134,54.69
53039.0,39.3,1.226,54.54
53041.0,29.76,1.1,64.71
53043.0,21.7,1.242,72.05
53045.0,42.75,1.67,48.87
53047.0,37.24,1.078,57.32
53049.0,43.95,1.184,50.09
53051.0,28.5,1.414,64.4
53053.0,49.89,1.576,42.2
53055.0,66.95,1.584,25.08
53057.0,50.11,1.274,43.49
53059.0,39.52,1.58,52.54
53061.0,54.29,1.616,37.59
53063.0,41.63,1.678,49.93
53065.0,26.45,1.248,67.27
53067.0,53.17,1.772,37.93
53069.0,35.31,1.548,56.92
53071.0,38.81,1.232,54.99
53073.0,54.86,1.54,37.39
53075.0,47.02,1.598,44.96
53077.0,38.35,0.998,56.63
54001.0,20.13,1.66333333333,74.85
54003.0,28.72,1.76666666667,65.95
54005.0,20.6,1.49,74.91
54007.0,25.97,1.52333333333,69.44
54009.0,26.71,1.45333333333,68.9
54011.0,34.57,1.77666666667,60.08
54013.0,17.51,1.59333333333,77.68
54015.0,19.13,1.15666666667,77.38
54017.0,12.73,1.39666666667,83.05
54019.0,27.95,1.48,67.57
54021.0,21.24,1.33666666667,74.72
54023.0,10.31,0.65,87.72
54025.0,26.76,1.76666666667,67.92
54027.0,18.41,1.3,77.66
54029.0,25.68,1.38,70.16
54031.0,20.74,1.26333333333,75.45
54033.0,27.54,1.79666666667,67.05
54035.0,21.86,1.37333333333,73.99
54037.0,39.39,1.94666666667,54.75
54039.0,37.31,1.57333333333,57.95
54041.0,19.4,1.46666666667,76.18
54043.0,20.53,1.40666666667,75.22
54045.0,16.9,0.986666666667,80.11
54047.0,23.12,0.726666666667,74.67
54049.0,30.23,2.02333333333,63.69
54051.0,22.12,1.58666666667,73.11
54053.0,20.45,1.47333333333,75.1
54055.0,20.45,1.25666666667,75.75
54057.0,17.69,1.26333333333,78.5
54059.0,14.41,0.796666666667,83.17
54061.0,40.76,2.68666666667,51.15
54063.0,19.2,1.43,76.49
54065.0,20.53,1.51666666667,74.89
54067.0,19.4,1.4,76.38
54069.0,30.59,2.41,62.16
54071.0,22.6,1.01333333333,74.34
54073.0,19.8,1.78333333333,74.82
54075.0,25.53,2.03,68.36
54077.0,19.52,1.71,75.33
54079.0,23.66,1.63666666667,71.41
54081.0,21.7,1.26,74.49
54083.0,25.18,1.56333333333,70.1
54085.0,12.12,1.43,83.56
54087.0,23.3,1.53666666667,72.06
54089.0,24.46,1.48666666667,71.05
54091.0,22.82,1.60666666667,72.34
54093.0,21.65,1.50333333333,73.81
54095.0,13.94,1.36666666667,81.93
54097.0,19.2,1.61333333333,75.93
54099.0,22.1,1.47333333333,73.45
54101.0,18.74,1.31666666667,77.29
54103.0,21.77,2.05,72.05
54105.0,15.89,1.71,78.96
54107.0,23.61,1.66,71.38
54109.0,13.58,0.94,83.58
55001.0,37.39,0.674,59.19
55003.0,52.18,0.908,43.25
55005.0,35.0,0.918,60.38
55007.0,52.18,0.864,43.46
55009.0,41.85,1.086,52.7
55011.0,36.56,0.98,58.5
55013.0,33.81,0.82,62.07
55015.0,36.45,1.092,58.06
55017.0,37.73,1.064,56.91
55019.0,31.18,0.996,63.81
55021.0,46.18,1.09,48.34
55023.0,44.62,1.058,50.06
55025.0,71.37,1.042,23.38
55027.0,32.62,1.028,62.22
55029.0,46.13,0.902,49.33
55031.0,51.12,1.06,43.52
55033.0,40.96,1.37,52.14
55035.0,50.42,1.292,43.08
55037.0,25.12,0.66,71.55
55039.0,34.03,1.034,60.75
55041.0,35.12,0.602,61.83
55043.0,41.77,1.374,51.33
55045.0,48.53,1.036,46.26
55047.0,28.98,0.866,66.66
55049.0,55.01,1.06,39.66
55051.0,36.61,0.654,60.1
55053.0,41.52,1.028,53.32
55055.0,39.12,1.11,55.3
55057.0,34.93,0.756,61.24
55059.0,47.17,1.058,47.51
55061.0,33.72,0.93,61.59
55063.0,51.6,1.268,42.02
55065.0,43.25,0.884,52.31
55067.0,32.29,0.78,63.76
55069.0,36.87,1.082,57.68
55071.0,36.41,1.09,58.09
55073.0,38.45,0.974,56.66
55075.0,31.24,0.738,65.04
55077.0,35.94,0.746,60.3
55078.0,78.42,0.108,21.03
55079.0,66.43,0.91,28.98
55081.0,36.03,1.084,58.51
55083.0,29.54,0.782,66.52
55085.0,38.88,1.008,56.03
55087.0,40.05,1.144,54.2
55089.0,37.78,1.022,57.07
55091.0,35.9,0.92,59.47
55093.0,39.73,1.37,53.39
55095.0,33.35,1.104,61.09
55097.0,48.59,1.194,45.4
55099.0,35.33,0.86,60.34
55101.0,45.37,0.968,49.76
55103.0,44.92,0.91,50.5
55105.0,52.41,1.118,41.95
55107.0,30.88,0.832,64.93
55109.0,37.36,1.362,55.79
55111.0,47.41,1.132,46.88
55113.0,36.64,0.758,59.54
55115.0,30.74,0.908,64.69
55117.0,38.83,1.124,55.52
55119.0,25.46,0.91,69.96
55121.0,41.56,0.826,54.26
55123.0,44.74,1.188,49.27
55125.0,35.44,0.762,60.72
55127.0,36.99,1.188,57.04
55129.0,36.24,0.816,59.65
55131.0,27.35,0.956,67.84
55133.0,33.52,0.972,61.59
55135.0,32.57,0.918,62.81
55137.0,31.78,0.814,64.11
55139.0,43.14,1.25,50.58
55141.0,37.73,1.042,57.01
56001.0,41.94,2.935,46.29
56003.0,11.69,2.0525,80.07
56005.0,7.38,1.155,87.97
56007.0,20.62,2.06,71.11
56009.0,10.19,1.385,84.24
56011.0,7.18,1.0075,88.75
56013.0,25.38,1.7725,67.5
56015.0,16.18,1.5975,77.4
56017.0,15.77,1.9275,76.48
56019.0,14.67,1.34,79.94
56021.0,28.96,2.2025,62.19
56023.0,13.15,1.525,80.72
56025.0,20.22,1.8375,72.39
56027.0,8.86,1.265,86.04
56029.0,17.32,1.6775,75.95
56031.0,16.12,1.6975,77.06
56033.0,20.62,1.7475,72.36
56035.0,14.98,1.4175,79.33
56037.0,19.4,1.91,72.94
56039.0,60.06,1.9325,32.19
56041.0,14.92,2.1625,76.41
56043.0,14.32,1.825,78.35
56045.0,8.81,1.055,86.92
